premium_id,policy_id,customer_id,premium_amount,premium_frequency,age_band,due_date,paid_date,payment_status,payment_method
PRM000001,P00053,C00150,1008.00,quarterly,65-74,2023-07-01,2023-06-30,paid,credit_card
PRM000002,P00171,C00150,272.00,monthly,75+,2023-07-01,2023-06-29,paid,cheque
PRM000003,P00013,C00150,$161.50 CAD,monthly,Under 35,2023-07-02,2023-07-02,paid,cheque
PRM000004,P00015,C00150,272.00,monthly,75+,2023-07-02,2023-07-02,paid,pad
PRM000005,P00111,C00150,140.00,monthly,Under 35,2023-07-02,2023-06-29,paid,cheque
PRM000006,P00037,C00150,45.00,monthly,Under 35,2023-07-03,2023-07-02,paid,pad
PRM000007,P00019,C00150,204.00,monthly,65-74,2023-07-04,2023-07-02,paid,cheque
PRM000008,P00160,C00150,85.00,monthly,Under 35,2023-07-04,2023-07-03,paid,credit_card
PRM000009,P00081,C00150,218.40,monthly,45-54,2023-07-05,,missed,
PRM000010,P00164,C00150,499.20,monthly,75+,2023-07-05,2023-07-04,paid,cheque
PRM000011,P00082,C00143,51.75,monthly,35-44,2023-07-06,2023-07-03,paid,pad
PRM000012,P00135,C00135,448.00,monthly,75+,2023-07-06,2023-07-05,paid,pad
PRM000013,P00065,C00047,192.00,monthly,75+,2023-07-07,2023-07-05,paid,credit_card
PRM000014,P00133,C00097,530.40,monthly,65-74,2023-07-07,2023-07-06,paid,pad
PRM000015,P00062,C00096,255.00,quarterly,Under 35,2023-07-08,,missed,
PRM000016,P00147,C00057,35.00,monthly,Under 35,2023-07-09,,missed,
PRM000017,P00057,C00033,49.00,monthly,45-54,2023-07-10,2023-07-08,paid,credit_card
PRM000018,P00003,C00107,85.00,monthly,Under 35,2023-07-12,2023-07-09,paid,cheque
PRM000019,P00091,C00090,917.70,quarterly,35-44,2023-07-13,2023-07-13,paid,cheque
PRM000020,P00138,C00105,196.00,monthly,45-54,2023-07-13,2023-07-12,paid,cheque
PRM000021,P00058,C00077,69.00,monthly,35-44,2023-07-14,2023-07-19,late,pad
PRM000022,P00118,C00146,530.40,monthly,65-74,2023-07-15,2023-07-15,paid,credit_card
PRM000023,P00137,C00064,397.80,monthly,55-64,2023-07-15,2023-07-13,paid,cheque
PRM000024,P00020,C00131,638.40,monthly,65-74,2023-07-16,2023-07-13,paid,pad
PRM000025,P00008,C00145,105.00,quarterly,Under 35,2023-07-17,2023-07-16,paid,pad
PRM000026,P00141,C00092,-199.50,quarterly,Under 35,2023-07-17,2023-07-16,paid,credit_card
PRM000027,P00142,C00091,-161.50,monthly,Under 35,2023-07-17,2023-07-15,paid,pad
PRM000028,P00103,C00141,-484.50,quarterly,Under 35,2023-07-19,2023-07-18,paid,cheque
PRM000029,P00098,C00089,-144.00,monthly,65-74,2023-07-20,2023-07-17,paid,credit_card
PRM000030,P00076,C00021,228.00,monthly,Under 35,2023-07-21,2023-07-28,paid,credit_card
PRM000031,P00042,C00129,478.80,monthly,55-64,2023-07-22,2023-07-29,paid,pad
PRM000032,P00125,C00027,336.00,monthly,65-74,2023-07-25,2023-08-01,paid,credit_card
PRM000033,P00014,C00040,108.00,monthly,65-74,2023-07-26,2023-08-02,paid,pad
PRM000034,P00069,C00005,384.00,monthly,75+,2023-07-27,2023-08-03,paid,credit_card
PRM000035,P00096,C00008,63.00,monthly,55-64,2023-07-27,,paid,cheque
PRM000036,P00046,C00149,364.00,monthly,Under 35,2023-07-28,,late,pad
PRM000037,P00050,C00034,66.50,monthly,Under 35,2023-07-28,,paid,pad
PRM000038,P00101,C00068,49.00,monthly,45-54,2023-07-28,,paid,credit_card
PRM000039,P00158,C00008,290.70,monthly,55-64,2023-07-28,2023-07-25,paid,pad
PRM000040,P00018,C00149,117.00,monthly,Under 35,2023-07-30,2023-07-29,paid,credit_card
PRM000041,P00171,C00076,272.00,monthly,75+,2023-08-01,2023-07-29,paid,pad
PRM000042,P00013,C00034,161.50,monthly,Under 35,2023-08-02,2023-07-31,paid,cheque
PRM000043,P00015,C00059,272.00,monthly,75+,2023-08-02,2023-07-30,paid,pad
PRM000044,P00111,C00134,140.00,monthly,Under 35,2023-08-02,2023-08-02,paid,cheque
PRM000045,P00037,C00102,45.00,monthly,Under 35,2023-08-03,2023-08-03,Paid ,cheque
PRM000046,P00084,C00019,152.95,monthly,35-44,2023-08-03,2023-08-01,paid,credit_card
PRM000047,P00019,C00014,204.00,monthly,65-74,2023-08-04,2023-08-02,paid,cheque
PRM000048,P00160,C00018,85.00,monthly,Under 35,2023-08-04,2023-08-01,paid,credit_card
PRM000049,P00081,C00066,218.40,monthly,45-54,2023-08-05,2023-08-10,late,cheque
PRM000050,P00164,C00084,499.20,monthly,75+,2023-08-05,2023-08-02,paid,cheque
PRM000051,P00082,C00143,51.75,monthly,35-44,2023-08-06,2023-08-03,paid,credit_card
PRM000052,P00135,C00135,448.00,monthly,75+,2023-08-06,2023-08-03,paid,pad
PRM000053,P00065,C00047,192.00,monthly,75+,2023-08-07,2023-08-05,paid,pad
PRM000054,P00133,C00097,530.40,monthly,65-74,2023-08-07,2023-08-07,paid,credit_card
PRM000055,P00147,C00057,35.00,monthly,Under 35,2023-08-09,2023-08-09,paid,pad
PRM000056,P00009,C00037,588.00,quarterly,45-54,2023-08-10,2023-08-07,paid,credit_card
PRM000057,P00057,C00033,49.00,monthly,45-54,2023-08-10,2023-08-08,paid,credit_card
PRM000058,P00003,C00107,85.00,monthly,Under 35,2023-08-12,2023-08-11,paid,credit_card
PRM000059,P00138,C00105,196.00,monthly,45-54,2023-08-13,2023-08-13,paid,cheque
PRM000060,P00058,C00077,69.00,monthly,35-44,2023-08-14,2023-08-13,paid,credit_card
PRM000061,P00118,C00146,530.40,monthly,65-74,2023-08-15,2023-08-14,paid,cheque
PRM000062,P00137,C00064,397.80,monthly,55-64,2023-08-15,2023-08-15,paid,cheque
PRM000063,P00020,C00131,638.40,monthly,65-74,2023-08-16,2023-08-13,paid,cheque
PRM000064,P00142,C00091,161.50,monthly,Under 35,2023-08-17,2023-08-15,paid,credit_card
PRM000065,P00098,C00089,$192.00 CAD,monthly,75+,2023-08-20,2023-08-17,paid,cheque
PRM000066,P00076,C00021,228.00,monthly,Under 35,2023-08-21,2023-08-21,paid,cheque
PRM000067,P00042,C00129,478.80,monthly,55-64,2023-08-22,2023-08-30,late,pad
PRM000068,P00029,C00044,189.00,quarterly,45-54,2023-08-24,2023-08-23,paid,cheque
PRM000069,P00125,C00027,336.00,monthly,65-74,2023-08-25,2023-09-07,late,credit_card
PRM000070,P00014,C00040,108.00,monthly,65-74,2023-08-26,2023-08-23,paid,pad
PRM000071,P00117,C00014,84.00,monthly,65-74,2023-08-26,2023-08-24,paid,pad
PRM000072,P00069,C00005,384.00,monthly,75+,2023-08-27,2023-08-27,paid,cheque
PRM000073,P00096,C00008,63.00,monthly,55-64,2023-08-27,2023-08-24,paid,credit_card
PRM000074,P00046,C00149,364.00,monthly,Under 35,2023-08-28,2023-08-26,paid,credit_card
PRM000075,P00050,C00034,66.50,monthly,Under 35,2023-08-28,2023-08-28,paid,credit_card
PRM000076,P00101,C00068,49.00,monthly,45-54,2023-08-28,2023-08-25,paid,cheque
PRM000077,P00158,C00008,290.70,monthly,55-64,2023-08-28,2023-08-27,paid,credit_card
PRM000078,P00018,C00149,117.00,monthly,Under 35,2023-08-30,2023-08-28,paid,cheque
PRM000079,P00171,C00076,272.00,monthly,75+,2023-09-01,2023-08-30,paid,pad
PRM000080,P00013,C00034,161.50,monthly,Under 35,2023-09-02,2023-09-01,paid,cheque
PRM000081,P00015,C00059,272.00,monthly,75+,2023-09-02,2023-08-30,paid,pad
PRM000082,P00111,C00134,140.00,monthly,Under 35,2023-09-02,2023-09-02,paid,cheque
PRM000083,P00027,C00025,84.00,monthly,65-74,2023-09-03,2023-09-03,paid,credit_card
PRM000084,P00037,C00102,45.00,monthly,Under 35,2023-09-03,2023-09-02,paid,pad
PRM000085,P00084,C00019,152.95,monthly,35-44,2023-09-03,2023-09-01,paid,pad
PRM000086,P00019,C00014,204.00,monthly,65-74,2023-09-04,2023-09-04,paid,pad
PRM000087,P00160,C00018,85.00,monthly,Under 35,2023-09-04,2023-09-03,paid,cheque
PRM000088,P00081,C00066,218.40,monthly,45-54,2023-09-05,2023-09-25,late,cheque
PRM000089,P00164,C00084,499.20,monthly,75+,2023-09-05,2023-09-03,paid,credit_card
PRM000090,P00082,C00143,51.75,monthly,35-44,2023-09-06,2023-09-04,paid,cheque
PRM000091,P00135,C00135,448.00,monthly,75+,2023-09-06,2023-09-09,late,cheque
PRM000092,P00065,C00047,192.00,monthly,75+,2023-09-07,2023-09-07,paid,pad
PRM000093,P00133,C00097,530.40,monthly,65-74,2023-09-07,2023-09-07,paid,cheque
PRM000094,P00089,C00099,155.25,quarterly,35-44,2023-09-09,2023-09-06,paid,pad
PRM000095,P00147,C00057,35.00,monthly,Under 35,2023-09-09,2023-09-07,paid,pad
PRM000096,P00057,C00033,49.00,monthly,45-54,2023-09-10,2023-09-08,paid,cheque
PRM000097,P00003,C00107,85.00,monthly,Under 35,2023-09-12,2023-09-16,late,credit_card
PRM000098,P00066,C00064,842.40,quarterly,55-64,2023-09-13,2023-09-10,paid,cheque
PRM000099,P00138,C00105,196.00,monthly,45-54,2023-09-13,2023-09-10,paid,credit_card
PRM000100,P00058,C00077,69.00,monthly,35-44,2023-09-14,2023-09-14,paid,pad
PRM000101,P00107,C00099,403.65,quarterly,35-44,2023-09-15,2023-09-14,paid,cheque
PRM000102,P00118,C00146,530.40,monthly,65-74,2023-09-15,2023-09-13,paid,credit_card
PRM000103,P00137,C00064,397.80,monthly,55-64,2023-09-15,2023-09-15,paid,credit_card
PRM000104,P00020,C00131,638.40,monthly,65-74,2023-09-16,2023-09-16,paid,pad
PRM000105,P00142,C00091,161.50,monthly,Under 35,2023-09-17,2023-09-14,paid,cheque
PRM000106,P00172,C00137,842.40,quarterly,65-74,2023-09-18,,missed,
PRM000107,P00098,C00089,192.00,monthly,75+,2023-09-20,2023-09-20,paid,credit_card
PRM000108,P00076,C00021,228.00,monthly,Under 35,2023-09-21,2023-09-19,paid,credit_card
PRM000109,P00042,C00129,478.80,monthly,55-64,2023-09-22,2023-09-19,paid,pad
PRM000110,P00125,C00027,336.00,monthly,65-74,2023-09-25,2023-09-22,paid,cheque
PRM000111,P00014,C00040,108.00,monthly,65-74,2023-09-26,2023-09-23,paid,cheque
PRM000112,P00117,C00014,84.00,monthly,65-74,2023-09-26,2023-09-25,paid,pad
PRM000113,P00069,C00005,384.00,monthly,75+,2023-09-27,2023-10-09,late,credit_card
PRM000114,P00096,C00008,63.00,monthly,55-64,2023-09-27,2023-09-26,paid,credit_card
PRM000115,P00046,C00149,364.00,monthly,Under 35,2023-09-28,2023-09-27,paid,cheque
PRM000116,P00050,C00034,66.50,monthly,Under 35,2023-09-28,2023-09-26,paid,credit_card
PRM000117,P00101,C00068,49.00,monthly,45-54,2023-09-28,2023-09-25,paid,cheque
PRM000118,P00158,C00008,290.70,monthly,55-64,2023-09-28,2023-09-25,paid,credit_card
PRM000119,P00018,C00149,117.00,monthly,Under 35,2023-09-30,2023-09-30,paid,credit_card
PRM000120,P00053,C00104,1008.00,quarterly,65-74,2023-10-01,2023-09-29,paid,credit_card
PRM000121,P00171,C00076,272.00,monthly,75+,2023-10-01,2023-09-30,paid,pad
PRM000122,P00013,C00034,161.50,monthly,Under 35,2023-10-02,2023-10-01,paid,pad
PRM000123,P00015,C00059,272.00,monthly,75+,2023-10-02,2023-10-21,late,credit_card
PRM000124,P00111,C00134,140.00,monthly,Under 35,2023-10-02,2023-10-02,paid,pad
PRM000125,P00027,C00025,84.00,monthly,65-74,2023-10-03,2023-10-03,paid,credit_card
PRM000126,P00037,C00102,45.00,monthly,Under 35,2023-10-03,2023-09-30,paid,credit_card
PRM000127,P00084,C00019,152.95,monthly,35-44,2023-10-03,2023-10-01,paid,cheque
PRM000128,P00019,C00014,204.00,monthly,65-74,2023-10-04,2023-10-02,paid,pad
PRM000129,P00160,C00018,85.00,monthly,Under 35,2023-10-04,2023-10-01,paid,pad
PRM000130,P00081,C00066,218.40,monthly,45-54,2023-10-05,2023-10-04,paid,cheque
PRM000131,P00164,C00084,499.20,monthly,75+,2023-10-05,2023-10-05,paid,credit_card
PRM000132,P00082,C00143,51.75,monthly,35-44,2023-10-06,2023-10-03,paid,credit_card
PRM000133,P00135,C00135,448.00,monthly,75+,2023-10-06,2023-10-26,late,pad
PRM000134,P00065,C00047,192.00,monthly,75+,2023-10-07,2023-10-07,paid,pad
PRM000135,P00133,C00097,530.40,monthly,65-74,2023-10-07,2023-10-05,paid,cheque
PRM000136,P00062,C00096,255.00,quarterly,Under 35,2023-10-08,2023-10-05,paid,cheque
PRM000137,P00147,C00057,35.00,monthly,Under 35,2023-10-09,2023-10-06,paid,pad
PRM000138,P00057,C00033,49.00,monthly,45-54,2023-10-10,2023-10-08,paid,cheque
PRM000139,P00003,C00107,85.00,monthly,Under 35,2023-10-12,2023-10-09,paid,pad
PRM000140,P00091,C00090,917.70,quarterly,35-44,2023-10-13,2023-10-11,paid,pad
PRM000141,P00138,C00105,196.00,monthly,45-54,2023-10-13,2023-10-12,paid,credit_card
PRM000142,P00058,C00077,69.00,monthly,35-44,2023-10-14,2023-10-14,paid,pad
PRM000143,P00118,C00146,530.40,monthly,65-74,2023-10-15,2023-10-12,paid,pad
PRM000144,P00137,C00064,397.80,monthly,55-64,2023-10-15,2023-10-12,paid,credit_card
PRM000145,P00020,C00131,638.40,monthly,65-74,2023-10-16,2023-11-03,late,cheque
PRM000146,P00156,C00127,266.00,monthly,Under 35,2023-10-16,2023-10-14,paid,credit_card
PRM000147,P00008,C00145,105.00,quarterly,Under 35,2023-10-17,2023-10-14,paid,credit_card
PRM000148,P00141,C00092,199.50,quarterly,Under 35,2023-10-17,2023-10-17,paid,pad
PRM000149,P00142,C00091,161.50,monthly,Under 35,2023-10-17,2023-10-16,paid,pad
PRM000150,P00103,C00141,484.50,quarterly,Under 35,2023-10-19,2023-10-16,paid,pad
PRM000151,P00098,C00089,192.00,monthly,75+,2023-10-20,2023-10-18,paid,credit_card
PRM000152,P00076,C00021,228.00,monthly,Under 35,2023-10-21,2023-10-21,paid,pad
PRM000153,P00042,C00129,478.80,monthly,55-64,2023-10-22,2023-10-29,late,credit_card
PRM000154,P00109,C00029,80.50,monthly,35-44,2023-10-22,2023-10-20,paid,cheque
PRM000155,P00125,C00027,336.00,monthly,65-74,2023-10-25,2023-10-25,paid,pad
PRM000156,P00014,C00040,108.00,monthly,65-74,2023-10-26,2023-10-23,paid,cheque
PRM000157,P00073,C00111,210.60,monthly,55-64,2023-10-26,,missed,
PRM000158,P00117,C00014,84.00,monthly,65-74,2023-10-26,2023-10-23,paid,pad
PRM000159,P00069,C00005,384.00,monthly,75+,2023-10-27,2023-10-24,paid,credit_card
PRM000160,P00096,C00008,$63.00 CAD,monthly,55-64,2023-10-27,2023-10-25,paid,credit_card
PRM000161,P00046,C00149,364.00,monthly,Under 35,2023-10-28,,missed,
PRM000162,P00050,C00034,66.50,monthly,Under 35,2023-10-28,2023-10-28,paid,pad
PRM000163,P00101,C00068,49.00,monthly,45-54,2023-10-28,2023-10-26,paid,cheque
PRM000164,P00158,C00008,290.70,monthly,55-64,2023-10-28,2023-10-27,paid,credit_card
PRM000165,P00110,C00093,112.00,monthly,75+,2023-10-29,2023-11-14,late,pad
PRM000166,P00018,C00149,117.00,monthly,Under 35,2023-10-30,2023-10-28,paid,credit_card
PRM000167,P00171,C00076,272.00,monthly,75+,2023-11-01,2023-11-21,late,cheque
PRM000168,P00013,C00034,161.50,monthly,Under 35,2023-11-02,2023-11-01,paid,cheque
PRM000169,P00015,C00059,272.00,monthly,75+,2023-11-02,2023-10-31,paid,credit_card
PRM000170,P00111,C00134,140.00,monthly,Under 35,2023-11-02,2023-11-02,paid,cheque
PRM000171,P00027,C00025,84.00,monthly,65-74,2023-11-03,2023-11-07,late,credit_card
PRM000172,P00037,C00102,45.00,monthly,Under 35,2023-11-03,2023-11-03,paid,pad
PRM000173,P00084,C00019,152.95,monthly,35-44,2023-11-03,2023-10-31,paid,cheque
PRM000174,P00019,C00014,204.00,monthly,65-74,2023-11-04,2023-11-01,paid,cheque
PRM000175,P00160,C00018,85.00,monthly,Under 35,2023-11-04,2023-11-04,paid,pad
PRM000176,P00081,C00066,218.40,monthly,45-54,2023-11-05,2023-11-23,late,credit_card
PRM000177,P00164,C00084,499.20,monthly,75+,2023-11-05,2023-11-05,paid,pad
PRM000178,P00082,C00143,51.75,monthly,35-44,2023-11-06,2023-11-04,paid,cheque
PRM000179,P00135,C00135,448.00,monthly,75+,11/06/2023,2023-11-03,paid,pad
PRM000180,P00065,C00047,192.00,monthly,75+,2023-11-07,2023-11-04,paid,credit_card
PRM000181,P00133,C00097,530.40,monthly,65-74,2023-11-07,2023-11-07,paid,pad
PRM000182,P00147,C00057,35.00,monthly,Under 35,2023-11-09,2023-11-09,paid,pad
PRM000183,P00009,C00037,588.00,quarterly,45-54,2023-11-10,2023-11-07,paid,cheque
PRM000184,p00057 ,C00033,49.00,monthly,45-54,11/10/2023,2023-11-07,Paid ,cheque
PRM000185,P00124,C00119,210.60,monthly,55-64,2023-11-11,2023-11-08,paid,pad
PRM000186,P00003,C00107,85.00,monthly,Under 35,2023-11-12,2023-11-12,paid,cheque
PRM000187,P00138,C00105,196.00,monthly,45-54,2023-11-13,2023-11-13,paid,pad
PRM000188,P00058,C00077,69.00,monthly,35-44,2023-11-14,2023-11-12,paid,pad
PRM000189,P00118,C00146,530.40,monthly,65-74,2023-11-15,2023-12-02,late,pad
PRM000190,P00137,C00064,$397.80 CAD,monthly,55-64,2023-11-15,2023-11-13,paid,pad
PRM000191,P00020,C00131,638.40,monthly,65-74,2023-11-16,2023-11-15,paid,pad
PRM000192,P00156,C00127,266.00,monthly,Under 35,2023-11-16,2023-11-16,paid,pad
PRM000193,P00142,C00091,161.50,monthly,Under 35,2023-11-17,2023-11-16,paid,pad
PRM000194,P00098,C00089,192.00,monthly,75+,2023-11-20,2023-11-19,paid,credit_card
PRM000195,P00076,C00021,228.00,monthly,Under 35,2023-11-21,2023-11-19,paid,cheque
PRM000196,P00042,C00129,478.80,monthly,55-64,2023-11-22,2023-11-21,paid,cheque
PRM000197,P00109,C00029,80.50,monthly,35-44,2023-11-22,2023-11-21,paid,pad
PRM000198,P00029,C00044,189.00,quarterly,45-54,2023-11-24,2023-11-24,paid,credit_card
PRM000199,P00125,C00027,336.00,monthly,65-74,2023-11-25,2023-11-25,paid,pad
PRM000200,P00014,C00040,108.00,monthly,65-74,2023-11-26,2023-11-26,paid,credit_card
PRM000201,P00073,C00111,210.60,monthly,55-64,2023-11-26,2023-11-23,paid,pad
PRM000202,P00117,C00014,84.00,monthly,65-74,2023-11-26,2023-11-25,paid,cheque
PRM000203,P00069,C00005,384.00,monthly,75+,2023-11-27,2023-11-24,paid,credit_card
PRM000204,P00096,C00008,63.00,monthly,55-64,2023-11-27,2023-11-26,paid,credit_card
PRM000205,P00046,C00149,364.00,monthly,Under 35,2023-11-28,2023-11-25,paid,credit_card
PRM000206,P00050,C00034,66.50,monthly,Under 35,2023-11-28,2023-11-25,paid,credit_card
PRM000207,P00101,C00068,49.00,monthly,45-54,2023-11-28,2023-11-25,paid,cheque
PRM000208,P00158,C00008,290.70,monthly,55-64,2023-11-28,2023-11-26,paid,cheque
PRM000209,P00077,C00147,91.00,monthly,Under 35,2023-11-29,2023-11-28,paid,credit_card
PRM000210,P00110,C00093,112.00,monthly,75+,2023-11-29,2023-11-28,paid,cheque
PRM000211,P00018,C00149,117.00,monthly,Under 35,2023-11-30,2023-11-27,paid,pad
PRM000212,P00171,C00076,272.00,monthly,75+,2023-12-01,2023-12-01,paid,credit_card
PRM000213,P00013,C00034,161.50,monthly,Under 35,2023-12-02,2023-12-02,paid,cheque
PRM000214,P00015,C00059,272.00,monthly,75+,2023-12-02,2023-12-01,paid,credit_card
PRM000215,P00111,C00134,140.00,monthly,Under 35,2023-12-02,2023-11-30,paid,pad
PRM000216,P00126,C00089,272.00,monthly,75+,2023-12-02,2023-12-01,paid,pad
PRM000217,P00027,C00025,84.00,monthly,65-74,2023-12-03,2023-12-02,paid,pad
PRM000218,P00037,C00102,45.00,monthly,Under 35,2023-12-03,2023-12-03,paid,cheque
PRM000219,P00084,C00019,152.95,monthly,35-44,2023-12-03,2023-12-01,paid,cheque
PRM000220,P00019,C00014,204.00,monthly,65-74,2023-12-04,2023-12-03,paid,credit_card
PRM000221,P00160,C00018,85.00,monthly,Under 35,2023-12-04,2023-12-21,late,credit_card
PRM000222,P00081,C00066,218.40,monthly,45-54,2023-12-05,2023-12-04,paid,cheque
PRM000223,P00164,C00084,499.20,monthly,75+,2023-12-05,2023-12-04,paid,pad
PRM000224,P00082,C00143,51.75,monthly,35-44,2023-12-06,2023-12-05,paid,credit_card
PRM000225,P00135,C00135,448.00,monthly,75+,2023-12-06,2023-12-05,paid,pad
PRM000226,P00065,C00047,192.00,monthly,75+,2023-12-07,2023-12-05,paid,pad
PRM000227,P00094,C00056,45.00,monthly,Under 35,2023-12-07,2023-12-05,paid,credit_card
PRM000228,P00133,C00097,530.40,monthly,65-74,2023-12-07,2023-12-04,paid,cheque
PRM000229,P00089,C00099,155.25,quarterly,35-44,2023-12-09,2023-12-07,paid,cheque
PRM000230,P00147,C00057,35.00,monthly,Under 35,2023-12-09,,missed,
PRM000231,P00057,C00033,49.00,monthly,45-54,2023-12-10,2023-12-09,paid,pad
PRM000232,P00175,C00024,180.00,quarterly,Under 35,2023-12-10,2023-12-10,paid,credit_card
PRM000233,P00124,C00119,210.60,monthly,55-64,2023-12-11,2023-12-09,paid,credit_card
PRM000234,P00003,C00107,85.00,monthly,Under 35,2023-12-12,2023-12-12,paid,cheque
PRM000235,P00066,C00064,842.40,quarterly,55-64,2023-12-13,2023-12-13,paid,cheque
PRM000236,P00080,C00042,615.60,quarterly,55-64,2023-12-13,2023-12-13,paid,pad
PRM000237,P00138,C00105,196.00,monthly,45-54,2023-12-13,2023-12-13,paid,credit_card
PRM000238,P00058,C00077,69.00,monthly,35-44,2023-12-14,2023-12-14,paid,credit_card
PRM000239,P00123,C00042,108.00,monthly,55-64,2023-12-14,2023-12-13,paid,cheque
PRM000240,P00107,C00099,403.65,quarterly,35-44,2023-12-15,2023-12-12,paid,cheque
PRM000241,P00118,C00146,530.40,monthly,65-74,2023-12-15,2023-12-12,paid,credit_card
PRM000242,P00137,C00064,397.80,monthly,55-64,2023-12-15,2023-12-13,paid,credit_card
PRM000243,P00020,C00131,638.40,monthly,65-74,2023-12-16,2023-12-13,paid,cheque
PRM000244,P00156,C00127,266.00,monthly,Under 35,2023-12-16,2023-12-13,paid,pad
PRM000245,P00142,C00091,161.50,monthly,Under 35,2023-12-17,2023-12-15,paid,cheque
PRM000246,P00172,C00137,842.40,quarterly,65-74,2023-12-18,2023-12-15,paid,cheque
PRM000247,P00098,C00089,192.00,monthly,75+,2023-12-20,2023-12-18,paid,pad
PRM000248,P00076,C00021,228.00,monthly,Under 35,2023-12-21,2023-12-21,paid,credit_card
PRM000249,P00042,C00129,478.80,monthly,55-64,2023-12-22,2024-01-14,late,cheque
PRM000250,P00109,C00029,80.50,monthly,35-44,2023-12-22,2023-12-19,paid,credit_card
PRM000251,P00031,C00144,98.00,monthly,45-54,2023-12-23,2023-12-23,paid,pad
PRM000252,P00125,C00027,336.00,monthly,65-74,2023-12-25,2023-12-24,paid,pad
PRM000253,P00014,C00040,108.00,monthly,65-74,2023-12-26,2023-12-24,paid,cheque
PRM000254,P00073,C00111,210.60,monthly,55-64,2023-12-26,2023-12-24,paid,credit_card
PRM000255,p00117 ,C00014,84.00,monthly,65-74,2023-12-26,2023-12-26,paid,pad
PRM000256,P00069,C00005,384.00,monthly,75+,2023-12-27,2023-12-24,paid,credit_card
PRM000257,P00096,C00008,63.00,monthly,55-64,2023-12-27,2023-12-27,paid,pad
PRM000258,P00046,C00149,364.00,monthly,Under 35,2023-12-28,2023-12-28,paid,cheque
PRM000259,P00050,C00034,66.50,monthly,Under 35,2023-12-28,2023-12-28,paid,pad
PRM000260,P00068,C00056,70.00,monthly,Under 35,2023-12-28,2023-12-28,paid,pad
PRM000261,P00101,C00068,49.00,monthly,45-54,2023-12-28,2023-12-27,paid,cheque
PRM000262,P00158,C00008,290.70,monthly,55-64,2023-12-28,2023-12-26,paid,pad
PRM000263,P00077,C00147,91.00,monthly,Under 35,2023-12-29,2023-12-28,paid,pad
PRM000264,P00110,C00093,112.00,monthly,75+,2023-12-29,2023-12-29,paid,credit_card
PRM000265,P00018,C00149,117.00,monthly,Under 35,2023-12-30,2023-12-27,paid,pad
PRM000266,P00054,C00150,290.70,monthly,55-64,2023-12-30,2023-12-29,paid,cheque
PRM000267,P00053,C00104,1008.00,quarterly,65-74,2024-01-01,2024-01-01,paid,cheque
PRM000268,P00171,C00076,272.00,monthly,75+,2024-01-01,2024-01-19,late,pad
PRM000269,P00013,C00034,$161.50 CAD,monthly,Under 35,2024-01-02,2024-01-02,paid,cheque
PRM000270,P00015,C00059,272.00,monthly,75+,2024-01-02,2024-01-02,paid,cheque
PRM000271,P00111,C00134,140.00,monthly,Under 35,2024-01-02,2023-12-31,paid,pad
PRM000272,P00126,C00089,272.00,monthly,75+,2024-01-02,2023-12-31,paid,pad
PRM000273,P00027,C00025,84.00,monthly,65-74,2024-01-03,2024-01-02,paid,cheque
PRM000274,P00037,C00102,45.00,monthly,Under 35,2024-01-03,2023-12-31,paid,cheque
PRM000275,P00084,C00019,152.95,monthly,35-44,2024-01-03,2024-01-13,late,credit_card
PRM000276,P00011,C00109,2304.00,yearly,75+,2024-01-04,2024-01-01,paid,cheque
PRM000277,P00019,C00014,204.00,monthly,65-74,2024-01-04,2024-01-01,paid,cheque
PRM000278,P00160,C00018,85.00,monthly,Under 35,2024-01-04,2024-01-03,paid,cheque
PRM000279,P00081,C00066,218.40,monthly,45-54,2024-01-05,2024-01-03,paid,pad
PRM000280,P00164,C00084,499.20,monthly,75+,2024-01-05,2024-01-03,paid,credit_card
PRM000281,P00082,C00143,51.75,monthly,35-44,2024-01-06,2024-01-06,paid,cheque
PRM000282,P00135,C00135,448.00,monthly,75+,2024-01-06,2024-01-18,late,cheque
PRM000283,P00065,C00047,192.00,monthly,75+,2024-01-07,2024-01-07,paid,pad
PRM000284,P00094,C00056,45.00,monthly,Under 35,2024-01-07,2024-01-06,paid,credit_card
PRM000285,P00133,C00097,530.40,monthly,65-74,2024-01-07,2024-01-05,paid,cheque
PRM000286,P00062,C00096,255.00,quarterly,Under 35,2024-01-08,2024-01-13,late,cheque
PRM000287,P00052,C00082,1344.00,quarterly,75+,2024-01-09,2024-01-08,paid,pad
PRM000288,P00139,C00035,1296.00,yearly,65-74,2024-01-09,2024-01-17,late,cheque
PRM000289,P00147,C00057,35.00,monthly,Under 35,2024-01-09,2024-01-07,paid,credit_card
PRM000290,P00057,C00033,49.00,monthly,45-54,2024-01-10,2024-01-10,paid,pad
PRM000291,P00124,C00119,210.60,monthly,55-64,2024-01-11,2024-01-09,paid,pad
PRM000292,P00157,C00032,208.00,single,55-64,2024-01-11,2024-01-08,paid,cheque
PRM000293,P00003,C00107,85.00,monthly,Under 35,2024-01-12,2024-01-09,paid,pad
PRM000294,P00091,C00090,917.70,quarterly,35-44,2024-01-13,2024-01-13,paid,pad
PRM000295,P00132,C00108,40.25,monthly,35-44,2024-01-13,2024-01-10,paid,cheque
PRM000296,P00138,C00105,$196.00 CAD,monthly,45-54,2024-01-13,2024-01-10,Paid ,pad
PRM000297,P00058,C00077,69.00,monthly,35-44,2024-01-14,2024-01-12,paid,cheque
PRM000298,P00123,C00042,108.00,monthly,55-64,2024-01-14,2024-01-13,paid,cheque
PRM000299,P00118,C00146,530.40,monthly,65-74,2024-01-15,2024-01-12,paid,pad
PRM000300,P00137,C00064,397.80,monthly,55-64,2024-01-15,2024-01-15,paid,cheque
PRM000301,P00020,C00131,638.40,monthly,65-74,2024-01-16,2024-01-13,paid,credit_card
PRM000302,P00156,C00127,266.00,monthly,Under 35,2024-01-16,2024-01-13,paid,cheque
PRM000303,P00008,C00145,105.00,quarterly,Under 35,2024-01-17,2024-01-15,paid,cheque
PRM000304,P00141,C00092,229.42,quarterly,35-44,2024-01-17,2024-01-14,paid,cheque
PRM000305,P00142,C00091,161.50,monthly,Under 35,2024-01-17,2024-01-15,paid,pad
PRM000306,P00045,C00103,131.10,monthly,35-44,2024-01-19,2024-01-19,paid,credit_card
PRM000307,P00103,C00141,484.50,quarterly,Under 35,2024-01-19,2024-01-17,paid,cheque
PRM000308,P00098,C00089,192.00,monthly,75+,2024-01-20,2024-01-19,paid,pad
PRM000309,P00076,C00021,228.00,monthly,Under 35,2024-01-21,2024-01-20,paid,pad
PRM000310,P00042,C00129,478.80,monthly,55-64,2024-01-22,,missed,
PRM000311,P00109,C00029,80.50,monthly,35-44,2024-01-22,2024-01-22,paid,cheque
PRM000312,P00031,C00144,98.00,monthly,45-54,2024-01-23,2024-01-20,paid,credit_card
PRM000313,P00162,C00070,798.00,quarterly,Under 35,2024-01-23,2024-01-22,paid,credit_card
PRM000314,P00125,C00027,336.00,monthly,65-74,2024-01-25,2024-01-22,paid,cheque
PRM000315,P00014,C00040,108.00,monthly,65-74,2024-01-26,2024-01-26,paid,pad
PRM000316,P00073,C00111,210.60,monthly,55-64,2024-01-26,2024-01-25,paid,credit_card
PRM000317,P00117,C00014,84.00,monthly,65-74,2024-01-26,2024-01-23,paid,pad
PRM000318,P00069,C00005,384.00,monthly,75+,2024-01-27,2024-02-05,late,pad
PRM000319,P00096,C00008,63.00,monthly,55-64,2024-01-27,2024-01-27,paid,cheque
PRM000320,P00046,C00149,364.00,monthly,Under 35,2024-01-28,2024-02-07,late,pad
PRM000321,P00050,C00034,66.50,monthly,Under 35,2024-01-28,2024-01-26,paid,pad
PRM000322,P00068,C00056,70.00,monthly,Under 35,2024-01-28,2024-01-27,paid,cheque
PRM000323,P00101,C00068,49.00,monthly,45-54,2024-01-28,2024-01-25,paid,credit_card
PRM000324,P00158,C00008,290.70,monthly,55-64,2024-01-28,2024-01-28,paid,pad
PRM000325,P00032,C00121,166.00,single,55-64,2024-01-29,2024-01-28,paid,cheque
PRM000326,P00077,C00147,91.00,monthly,Under 35,2024-01-29,2024-01-26,paid,credit_card
PRM000327,P00110,C00093,112.00,monthly,75+,2024-01-29,2024-01-27,paid,credit_card
PRM000328,P00018,C00149,117.00,monthly,Under 35,2024-01-30,,missed,
PRM000329,p00054 ,C00150,290.70,monthly,55-64,01/30/2024,2024-02-19,late,cheque
PRM000330,P00167,C00064,148.00,single,55-64,2024-02-01,2024-02-01,paid,credit_card
PRM000331,P00171,C00076,272.00,monthly,75+,2024-02-01,2024-01-31,paid,cheque
PRM000332,P00013,C00034,161.50,monthly,Under 35,2024-02-02,2024-02-08,late,cheque
PRM000333,p00015 ,C00059,272.00,monthly,75+,2024-02-02,2024-02-02,paid,credit_card
PRM000334,P00111,C00134,140.00,monthly,Under 35,2024-02-02,2024-01-31,paid,pad
PRM000335,P00126,C00089,272.00,monthly,75+,2024-02-02,2024-01-31,paid,pad
PRM000336,P00150,C00086,208.00,single,Under 35,2024-02-02,2024-01-31,paid,cheque
PRM000337,P00027,C00025,84.00,monthly,65-74,2024-02-03,2024-02-03,paid,credit_card
PRM000338,P00037,C00102,45.00,monthly,Under 35,2024-02-03,2024-02-01,paid,cheque
PRM000339,P00084,C00019,152.95,monthly,35-44,2024-02-03,2024-02-02,paid,credit_card
PRM000340,P00019,C00014,204.00,monthly,65-74,2024-02-04,2024-02-04,paid,credit_card
PRM000341,P00160,C00018,85.00,monthly,Under 35,2024-02-04,2024-02-04,paid,credit_card
PRM000342,P00081,C00066,218.40,monthly,45-54,2024-02-05,2024-02-04,paid,credit_card
PRM000343,P00164,C00084,499.20,monthly,75+,2024-02-05,2024-02-04,paid,pad
PRM000344,P00082,C00143,51.75,monthly,35-44,2024-02-06,2024-02-04,paid,credit_card
PRM000345,P00135,C00135,448.00,monthly,75+,2024-02-06,2024-02-04,paid,pad
PRM000346,P00065,C00047,192.00,monthly,75+,2024-02-07,2024-02-04,paid,pad
PRM000347,P00094,C00056,45.00,monthly,Under 35,2024-02-07,2024-02-04,paid,pad
PRM000348,P00133,C00097,530.40,monthly,65-74,2024-02-07,2024-02-07,paid,credit_card
PRM000349,P00024,C00013,358.80,monthly,35-44,2024-02-09,2024-02-06,paid,pad
PRM000350,P00147,C00057,35.00,monthly,Under 35,2024-02-09,,missed,
PRM000351,P00009,C00037,588.00,quarterly,45-54,2024-02-10,2024-02-07,paid,credit_card
PRM000352,P00057,C00033,49.00,monthly,45-54,2024-02-10,2024-02-09,paid,credit_card
PRM000353,P00124,C00119,210.60,monthly,55-64,2024-02-11,2024-02-08,paid,cheque
PRM000354,P00003,C00107,85.00,monthly,Under 35,2024-02-12,2024-02-11,paid,credit_card
PRM000355,P00132,C00108,40.25,monthly,35-44,2024-02-13,2024-02-10,paid,credit_card
PRM000356,P00138,C00105,196.00,monthly,45-54,2024-02-13,2024-02-12,paid,pad
PRM000357,P00179,C00083,448.00,monthly,75+,2024-02-13,2024-02-12,paid,credit_card
PRM000358,P00058,C00077,69.00,monthly,35-44,2024-02-14,2024-02-13,paid,pad
PRM000359,P00123,C00042,108.00,monthly,55-64,2024-02-14,2024-02-22,late,cheque
PRM000360,P00007,C00140,127.40,monthly,45-54,2024-02-15,2024-02-12,paid,credit_card
PRM000361,P00118,C00146,530.40,monthly,65-74,2024-02-15,2024-02-12,paid,credit_card
PRM000362,P00137,C00064,397.80,monthly,55-64,2024-02-15,2024-02-12,paid,pad
PRM000363,P00020,C00131,638.40,monthly,65-74,2024-02-16,2024-02-15,paid,credit_card
PRM000364,P00156,C00127,266.00,monthly,Under 35,2024-02-16,2024-02-13,paid,cheque
PRM000365,P00142,C00091,161.50,monthly,Under 35,2024-02-17,2024-02-16,paid,credit_card
PRM000366,P00045,C00103,131.10,monthly,35-44,2024-02-19,2024-02-17,paid,cheque
PRM000367,P00149,C00011,557.18,quarterly,35-44,2024-02-19,2024-02-19,paid,credit_card
PRM000368,P00098,C00089,192.00,monthly,75+,2024-02-20,2024-02-17,paid,credit_card
PRM000369,P00076,C00021,228.00,monthly,Under 35,2024-02-21,2024-02-18,paid,pad
PRM000370,P00042,C00129,478.80,monthly,55-64,2024-02-22,,missed,
PRM000371,P00090,C00012,216.00,monthly,55-64,2024-02-22,2024-02-19,paid,pad
PRM000372,P00109,C00029,80.50,monthly,35-44,2024-02-22,2024-02-19,paid,cheque
PRM000373,P00031,C00144,98.00,monthly,45-54,2024-02-23,2024-02-20,paid,credit_card
PRM000374,P00029,C00044,189.00,quarterly,45-54,2024-02-24,2024-02-21,paid,cheque
PRM000375,P00125,C00027,336.00,monthly,65-74,2024-02-25,2024-02-24,paid,credit_card
PRM000376,P00014,C00040,108.00,monthly,65-74,2024-02-26,2024-02-25,paid,cheque
PRM000377,P00073,C00111,210.60,monthly,55-64,2024-02-26,2024-02-24,paid,cheque
PRM000378,P00117,C00014,84.00,monthly,65-74,2024-02-26,2024-02-23,paid,cheque
PRM000379,P00021,C00025,2016.00,yearly,65-74,2024-02-27,2024-02-25,paid,cheque
PRM000380,P00069,C00005,384.00,monthly,75+,2024-02-27,2024-02-25,paid,pad
PRM000381,P00096,C00008,63.00,monthly,55-64,2024-02-27,2024-03-13,late,cheque
PRM000382,P00046,C00149,364.00,monthly,Under 35,2024-02-28,,missed,
PRM000383,P00050,C00034,66.50,monthly,Under 35,2024-02-28,2024-02-26,paid,pad
PRM000384,P00068,C00056,70.00,monthly,Under 35,2024-02-28,2024-02-27,paid,credit_card
PRM000385,P00101,C00068,49.00,monthly,45-54,2024-02-28,2024-02-25,paid,pad
PRM000386,P00158,C00008,290.70,monthly,55-64,2024-02-28,2024-02-25,paid,credit_card
PRM000387,P00018,C00149,117.00,monthly,Under 35,2024-02-29,2024-02-27,paid,cheque
PRM000388,P00054,C00150,290.70,monthly,55-64,2024-02-29,2024-02-29,paid,credit_card
PRM000389,P00077,C00147,91.00,monthly,Under 35,2024-02-29,2024-02-27,paid,credit_card
PRM000390,P00110,C00093,112.00,monthly,75+,2024-02-29,2024-03-11,late,cheque
PRM000391,P00171,C00076,272.00,monthly,75+,2024-03-01,2024-03-01,paid,credit_card
PRM000392,P00013,C00034,161.50,monthly,Under 35,2024-03-02,2024-03-02,paid,pad
PRM000393,P00015,C00059,272.00,monthly,75+,2024-03-02,2024-03-01,paid,pad
PRM000394,P00111,C00134,140.00,monthly,Under 35,2024-03-02,2024-02-28,paid,credit_card
PRM000395,P00126,C00089,272.00,monthly,75+,2024-03-02,2024-02-29,paid,cheque
PRM000396,P00027,C00025,84.00,monthly,65-74,2024-03-03,2024-03-01,paid,cheque
PRM000397,P00037,C00102,45.00,monthly,Under 35,2024-03-03,2024-03-03,paid,credit_card
PRM000398,P00075,C00100,144.00,monthly,75+,2024-03-03,2024-03-02,paid,cheque
PRM000399,P00084,C00019,152.95,monthly,35-44,2024-03-03,2024-03-01,paid,cheque
PRM000400,P00019,C00014,204.00,monthly,65-74,2024-03-04,2024-03-04,paid,credit_card
PRM000401,P00160,C00018,85.00,monthly,Under 35,2024-03-04,2024-03-04,paid,pad
PRM000402,P00081,C00066,218.40,monthly,45-54,2024-03-05,2024-03-02,paid,pad
PRM000403,P00164,C00084,499.20,monthly,75+,2024-03-05,2024-03-04,paid,pad
PRM000404,P00082,C00143,51.75,monthly,35-44,2024-03-06,2024-03-04,paid,credit_card
PRM000405,P00135,C00135,448.00,monthly,75+,2024-03-06,2024-03-03,paid,credit_card
PRM000406,P00065,C00047,192.00,monthly,75+,2024-03-07,2024-03-04,paid,credit_card
PRM000407,P00094,C00056,45.00,monthly,Under 35,2024-03-07,2024-03-07,paid,cheque
PRM000408,P00133,C00097,530.40,monthly,65-74,2024-03-07,2024-03-05,paid,cheque
PRM000409,P00024,C00013,$358.80 CAD,monthly,35-44,2024-03-09,2024-03-06,paid,credit_card
PRM000410,P00089,C00099,155.25,quarterly,35-44,2024-03-09,2024-03-07,paid,cheque
PRM000411,P00147,C00057,35.00,monthly,Under 35,2024-03-09,2024-03-19,late,pad
PRM000412,P00057,C00033,49.00,monthly,45-54,2024-03-10,2024-03-10,paid,credit_card
PRM000413,P00175,C00024,180.00,quarterly,Under 35,2024-03-10,2024-03-10,paid,pad
PRM000414,P00124,C00119,210.60,monthly,55-64,2024-03-11,2024-03-24,late,credit_card
PRM000415,P00003,C00107,85.00,monthly,Under 35,2024-03-12,2024-03-12,paid,cheque
PRM000416,P00016,C00001,49.00,monthly,45-54,2024-03-13,2024-03-13,paid,credit_card
PRM000417,P00066,C00064,842.40,quarterly,55-64,2024-03-13,2024-03-11,paid,credit_card
PRM000418,P00080,C00042,615.60,quarterly,55-64,2024-03-13,2024-03-11,paid,pad
PRM000419,P00132,C00108,40.25,monthly,35-44,2024-03-13,2024-03-21,late,pad
PRM000420,P00138,C00105,196.00,monthly,45-54,2024-03-13,2024-03-11,paid,pad
PRM000421,P00179,C00083,448.00,monthly,75+,2024-03-13,2024-03-11,paid,cheque
PRM000422,P00058,C00077,69.00,monthly,35-44,2024-03-14,2024-03-12,paid,pad
PRM000423,P00123,C00042,108.00,monthly,55-64,2024-03-14,2024-03-14,paid,cheque
PRM000424,P00007,C00140,127.40,monthly,45-54,2024-03-15,2024-03-13,paid,credit_card
PRM000425,P00107,C00099,403.65,quarterly,35-44,2024-03-15,2024-03-12,paid,cheque
PRM000426,P00118,C00146,530.40,monthly,65-74,2024-03-15,2024-03-12,paid,cheque
PRM000427,P00137,C00064,397.80,monthly,55-64,2024-03-15,2024-03-13,paid,cheque
PRM000428,P00020,C00131,638.40,monthly,65-74,2024-03-16,2024-03-13,paid,credit_card
PRM000429,P00156,C00127,266.00,monthly,Under 35,2024-03-16,2024-03-14,paid,cheque
PRM000430,P00142,C00091,161.50,monthly,Under 35,2024-03-17,2024-03-14,paid,cheque
PRM000431,P00172,C00137,842.40,quarterly,65-74,2024-03-18,2024-03-16,paid,cheque
PRM000432,P00045,C00103,131.10,monthly,35-44,2024-03-19,2024-03-17,paid,cheque
PRM000433,P00098,C00089,192.00,monthly,75+,2024-03-20,2024-03-19,paid,pad
PRM000434,P00076,C00021,228.00,monthly,Under 35,2024-03-21,2024-03-20,paid,credit_card
PRM000435,P00042,C00129,478.80,monthly,55-64,2024-03-22,2024-04-21,late,cheque
PRM000436,P00090,C00012,216.00,monthly,55-64,2024-03-22,2024-03-19,paid,pad
PRM000437,P00109,C00029,80.50,monthly,35-44,2024-03-22,2024-03-21,paid,credit_card
PRM000438,P00031,C00144,98.00,monthly,45-54,2024-03-23,2024-03-21,paid,cheque
PRM000439,P00125,C00027,336.00,monthly,65-74,2024-03-25,2024-03-25,paid,cheque
PRM000440,P00014,C00040,108.00,monthly,65-74,2024-03-26,2024-03-25,paid,pad
PRM000441,P00043,C00060,91.00,monthly,Under 35,2024-03-26,2024-03-26,paid,credit_card
PRM000442,P00073,C00111,210.60,monthly,55-64,2024-03-26,2024-03-23,paid,cheque
PRM000443,P00117,C00014,$84.00 CAD,monthly,65-74,03/26/2024,2024-03-25,paid,pad
PRM000444,P00069,C00005,384.00,monthly,75+,2024-03-27,,missed,
PRM000445,P00096,C00008,63.00,monthly,55-64,2024-03-27,2024-03-27,paid,cheque
PRM000446,P00046,C00149,364.00,monthly,Under 35,2024-03-28,2024-03-27,paid,pad
PRM000447,P00050,C00034,66.50,monthly,Under 35,2024-03-28,2024-04-05,late,pad
PRM000448,P00068,C00056,70.00,monthly,Under 35,2024-03-28,2024-03-27,paid,credit_card
PRM000449,P00101,C00068,49.00,monthly,45-54,2024-03-28,2024-03-31,late,credit_card
PRM000450,P00158,C00008,290.70,monthly,55-64,2024-03-28,2024-03-28,paid,cheque
PRM000451,P00018,C00149,117.00,monthly,Under 35,2024-03-29,2024-03-28,paid,pad
PRM000452,P00054,C00150,290.70,monthly,55-64,2024-03-29,2024-03-26,paid,cheque
PRM000453,P00077,C00147,$91.00 CAD,monthly,Under 35,2024-03-29,2024-03-28,paid,credit_card
PRM000454,P00110,C00093,112.00,monthly,75+,2024-03-29,2024-03-26,paid,credit_card
PRM000455,P00153,C00095,209.30,monthly,35-44,2024-03-29,2024-03-28,paid,pad
PRM000456,P00053,C00104,1008.00,quarterly,65-74,2024-04-01,2024-03-29,paid,cheque
PRM000457,P00171,C00076,272.00,monthly,75+,2024-04-01,2024-03-30,paid,credit_card
PRM000458,P00013,C00034,161.50,monthly,Under 35,2024-04-02,,missed,
PRM000459,P00015,C00059,272.00,monthly,75+,2024-04-02,2024-04-02,paid,credit_card
PRM000460,P00111,C00134,140.00,monthly,Under 35,2024-04-02,2024-04-01,paid,credit_card
PRM000461,P00126,C00089,272.00,monthly,75+,2024-04-02,2024-03-31,paid,cheque
PRM000462,P00027,C00025,84.00,monthly,65-74,2024-04-03,2024-03-31,paid,cheque
PRM000463,P00037,C00102,45.00,monthly,Under 35,2024-04-03,2024-04-03,paid,cheque
PRM000464,P00075,C00100,144.00,monthly,75+,2024-04-03,2024-04-01,paid,cheque
PRM000465,P00084,C00019,152.95,monthly,35-44,2024-04-03,2024-04-02,paid,pad
PRM000466,P00019,C00014,204.00,monthly,65-74,2024-04-04,2024-04-01,paid,pad
PRM000467,P00160,C00018,85.00,monthly,Under 35,2024-04-04,2024-04-01,paid,credit_card
PRM000468,P00081,C00066,218.40,monthly,45-54,2024-04-05,,missed,
PRM000469,P00164,C00084,499.20,monthly,75+,2024-04-05,2024-04-04,paid,pad
PRM000470,P00082,C00143,51.75,monthly,35-44,2024-04-06,2024-04-05,paid,cheque
PRM000471,P00135,C00135,448.00,monthly,75+,2024-04-06,2024-04-04,paid,credit_card
PRM000472,P00065,C00047,192.00,monthly,75+,2024-04-07,2024-04-06,paid,credit_card
PRM000473,P00094,C00056,45.00,monthly,Under 35,2024-04-07,2024-04-05,paid,credit_card
PRM000474,P00133,C00097,530.40,monthly,65-74,2024-04-07,2024-04-07,paid,pad
PRM000475,P00062,C00096,255.00,quarterly,Under 35,2024-04-08,2024-04-05,paid,pad
PRM000476,P00024,C00013,358.80,monthly,35-44,2024-04-09,2024-04-07,paid,credit_card
PRM000477,P00052,C00082,1344.00,quarterly,75+,2024-04-09,2024-04-12,late,cheque
PRM000478,P00146,C00110,972.00,yearly,55-64,2024-04-09,2024-04-08,paid,pad
PRM000479,P00147,C00057,35.00,monthly,Under 35,2024-04-09,2024-04-06,paid,credit_card
PRM000480,P00057,C00033,49.00,monthly,45-54,2024-04-10,2024-04-09,paid,pad
PRM000481,P00124,C00119,210.60,monthly,55-64,2024-04-11,2024-04-09,paid,cheque
PRM000482,P00003,C00107,85.00,monthly,Under 35,2024-04-12,2024-04-12,paid,cheque
PRM000483,P00016,C00001,49.00,monthly,45-54,2024-04-13,2024-04-11,paid,cheque
PRM000484,P00091,C00090,917.70,quarterly,35-44,2024-04-13,2024-04-26,late,credit_card
PRM000485,P00132,C00108,40.25,monthly,35-44,2024-04-13,2024-05-01,late,cheque
PRM000486,P00138,C00105,196.00,monthly,45-54,2024-04-13,2024-04-13,paid,cheque
PRM000487,P00179,C00083,448.00,monthly,75+,2024-04-13,2024-04-12,paid,pad
PRM000488,P00058,C00077,69.00,monthly,35-44,2024-04-14,2024-04-12,paid,credit_card
PRM000489,P00123,C00042,108.00,monthly,55-64,2024-04-14,2024-04-12,paid,credit_card
PRM000490,P00007,C00140,127.40,monthly,45-54,2024-04-15,2024-04-14,paid,pad
PRM000491,P00118,C00146,530.40,monthly,65-74,2024-04-15,2024-04-14,paid,pad
PRM000492,P00137,C00064,397.80,monthly,55-64,2024-04-15,2024-04-15,paid,credit_card
PRM000493,P00020,C00131,638.40,monthly,65-74,2024-04-16,2024-04-13,paid,pad
PRM000494,P00156,C00127,266.00,monthly,Under 35,2024-04-16,2024-04-16,paid,credit_card
PRM000495,P00008,C00145,105.00,quarterly,Under 35,2024-04-17,2024-04-17,paid,credit_card
PRM000496,P00141,C00092,229.42,quarterly,35-44,2024-04-17,2024-04-16,paid,cheque
PRM000497,P00142,C00091,161.50,monthly,Under 35,2024-04-17,2024-04-16,paid,cheque
PRM000498,P00045,C00103,131.10,monthly,35-44,2024-04-19,2024-04-18,paid,cheque
PRM000499,P00103,C00141,484.50,quarterly,Under 35,2024-04-19,2024-04-18,paid,cheque
PRM000500,P00098,C00089,192.00,monthly,75+,2024-04-20,2024-04-18,paid,cheque
PRM000501,P00076,C00021,228.00,monthly,Under 35,2024-04-21,2024-04-18,paid,credit_card
PRM000502,P00042,C00129,478.80,monthly,55-64,2024-04-22,2024-05-16,late,credit_card
PRM000503,P00090,C00012,216.00,monthly,55-64,2024-04-22,2024-04-20,paid,pad
PRM000504,P00109,C00029,80.50,monthly,35-44,2024-04-22,2024-04-20,paid,pad
PRM000505,P00031,C00144,98.00,monthly,45-54,2024-04-23,2024-04-21,paid,pad
PRM000506,P00162,C00070,798.00,quarterly,Under 35,2024-04-23,2024-04-21,paid,credit_card
PRM000507,P00125,C00027,336.00,monthly,65-74,2024-04-25,2024-04-25,paid,cheque
PRM000508,P00014,C00040,108.00,monthly,65-74,2024-04-26,2024-04-26,paid,cheque
PRM000509,P00043,C00060,91.00,monthly,Under 35,2024-04-26,2024-04-25,paid,cheque
PRM000510,P00073,C00111,210.60,monthly,55-64,2024-04-26,2024-04-24,paid,pad
PRM000511,P00117,C00014,84.00,monthly,65-74,2024-04-26,2024-04-25,paid,cheque
PRM000512,P00069,C00005,384.00,monthly,75+,2024-04-27,2024-04-26,paid,cheque
PRM000513,P00096,C00008,63.00,monthly,55-64,2024-04-27,2024-04-24,paid,cheque
PRM000514,P00046,C00149,364.00,monthly,Under 35,2024-04-28,,missed,
PRM000515,P00050,C00034,66.50,monthly,Under 35,2024-04-28,2024-04-28,paid,cheque
PRM000516,P00068,C00056,70.00,monthly,Under 35,2024-04-28,2024-05-01,late,credit_card
PRM000517,P00101,C00068,49.00,monthly,45-54,2024-04-28,2024-04-25,paid,credit_card
PRM000518,P00158,C00008,290.70,monthly,55-64,2024-04-28,2024-04-25,paid,credit_card
PRM000519,P00018,C00149,117.00,monthly,Under 35,2024-04-29,2024-04-28,paid,credit_card
PRM000520,P00054,C00150,290.70,monthly,55-64,2024-04-29,2024-04-27,paid,cheque
PRM000521,P00077,C00147,91.00,monthly,Under 35,2024-04-29,2024-04-28,paid,cheque
PRM000522,P00110,C00093,112.00,monthly,75+,2024-04-29,2024-04-29,paid,credit_card
PRM000523,P00153,C00095,209.30,monthly,35-44,2024-04-29,2024-05-04,late,pad
PRM000524,P00171,C00076,272.00,monthly,75+,2024-05-01,2024-04-28,paid,pad
PRM000525,P00013,C00034,161.50,monthly,Under 35,2024-05-02,2024-05-01,paid,pad
PRM000526,P00015,C00059,272.00,monthly,75+,2024-05-02,2024-05-01,paid,pad
PRM000527,P00111,C00134,140.00,monthly,Under 35,2024-05-02,2024-04-29,paid,cheque
PRM000528,P00126,C00089,272.00,monthly,75+,2024-05-02,2024-05-01,paid,credit_card
PRM000529,P00161,C00055,2652.00,yearly,Under 35,2024-05-02,2024-04-30,paid,pad
PRM000530,P00027,C00025,84.00,monthly,65-74,2024-05-03,2024-05-06,late,pad
PRM000531,P00037,C00102,45.00,monthly,Under 35,2024-05-03,2024-05-02,paid,pad
PRM000532,P00075,C00100,144.00,monthly,75+,2024-05-03,2024-05-01,paid,cheque
PRM000533,P00084,C00019,152.95,monthly,35-44,2024-05-03,2024-05-02,paid,pad
PRM000534,P00019,C00014,204.00,monthly,65-74,05/04/2024,2024-05-03,Paid ,pad
PRM000535,P00160,C00018,85.00,monthly,Under 35,2024-05-04,2024-05-02,paid,credit_card
PRM000536,P00081,C00066,218.40,monthly,45-54,2024-05-05,2024-05-04,paid,pad
PRM000537,P00164,C00084,499.20,monthly,75+,2024-05-05,2024-05-05,paid,credit_card
PRM000538,P00082,C00143,51.75,monthly,35-44,2024-05-06,2024-05-04,paid,cheque
PRM000539,P00135,C00135,448.00,monthly,75+,2024-05-06,2024-05-05,paid,credit_card
PRM000540,P00065,C00047,192.00,monthly,75+,2024-05-07,2024-05-06,paid,pad
PRM000541,P00094,C00056,45.00,monthly,Under 35,2024-05-07,2024-05-06,paid,cheque
PRM000542,P00133,C00097,530.40,monthly,65-74,2024-05-07,2024-05-04,paid,credit_card
PRM000543,P00024,C00013,358.80,monthly,35-44,2024-05-09,2024-05-09,paid,pad
PRM000544,P00147,C00057,35.00,monthly,Under 35,2024-05-09,2024-05-07,paid,pad
PRM000545,P00009,C00037,588.00,quarterly,45-54,2024-05-10,2024-05-10,paid,pad
PRM000546,P00057,C00033,49.00,monthly,45-54,2024-05-10,2024-05-07,paid,cheque
PRM000547,P00124,C00119,210.60,monthly,55-64,2024-05-11,2024-05-09,paid,cheque
PRM000548,P00003,C00107,85.00,monthly,Under 35,2024-05-12,2024-05-12,paid,credit_card
PRM000549,P00122,C00118,112.00,monthly,75+,2024-05-12,2024-05-12,paid,pad
PRM000550,P00016,C00001,49.00,monthly,45-54,2024-05-13,2024-05-12,paid,credit_card
PRM000551,P00132,C00108,40.25,monthly,35-44,2024-05-13,2024-05-10,paid,cheque
PRM000552,P00138,C00105,196.00,monthly,45-54,2024-05-13,2024-05-10,paid,cheque
PRM000553,P00179,C00083,448.00,monthly,75+,2024-05-13,2024-05-12,paid,cheque
PRM000554,P00058,C00077,69.00,monthly,35-44,2024-05-14,2024-05-11,paid,pad
PRM000555,P00123,C00042,108.00,monthly,55-64,2024-05-14,2024-05-13,paid,credit_card
PRM000556,P00007,C00140,127.40,monthly,45-54,2024-05-15,2024-05-15,paid,credit_card
PRM000557,P00118,C00146,530.40,monthly,65-74,2024-05-15,2024-05-15,paid,credit_card
PRM000558,P00137,C00064,397.80,monthly,55-64,2024-05-15,2024-05-14,paid,credit_card
PRM000559,P00176,C00081,120.75,quarterly,35-44,2024-05-15,2024-05-14,paid,credit_card
PRM000560,P00020,C00131,638.40,monthly,65-74,2024-05-16,2024-05-13,paid,pad
PRM000561,P00156,C00127,266.00,monthly,Under 35,2024-05-16,2024-05-15,paid,cheque
PRM000562,P00142,C00091,161.50,monthly,Under 35,2024-05-17,2024-05-16,paid,pad
PRM000563,P00045,C00103,131.10,monthly,35-44,2024-05-19,2024-05-17,paid,pad
PRM000564,P00149,C00011,678.30,quarterly,45-54,2024-05-19,2024-05-18,paid,pad
PRM000565,P00098,C00089,192.00,monthly,75+,2024-05-20,2024-05-20,paid,cheque
PRM000566,P00076,C00021,228.00,monthly,Under 35,2024-05-21,2024-05-19,paid,credit_card
PRM000567,P00042,C00129,478.80,monthly,55-64,2024-05-22,,missed,
PRM000568,P00090,C00012,216.00,monthly,55-64,2024-05-22,2024-05-20,paid,pad
PRM000569,P00109,C00029,80.50,monthly,35-44,2024-05-22,2024-06-02,late,cheque
PRM000570,P00031,C00144,98.00,monthly,45-54,2024-05-23,2024-05-22,paid,credit_card
PRM000571,P00029,C00044,189.00,quarterly,45-54,2024-05-24,2024-05-23,paid,cheque
PRM000572,P00125,C00027,336.00,monthly,65-74,2024-05-25,2024-06-03,late,cheque
PRM000573,P00014,C00040,108.00,monthly,65-74,2024-05-26,2024-06-07,late,pad
PRM000574,P00043,C00060,91.00,monthly,Under 35,2024-05-26,2024-05-26,paid,pad
PRM000575,P00073,C00111,210.60,monthly,55-64,2024-05-26,2024-05-24,paid,pad
PRM000576,P00117,C00014,84.00,monthly,65-74,2024-05-26,2024-06-11,late,cheque
PRM000577,P00069,C00005,384.00,monthly,75+,2024-05-27,2024-06-08,late,cheque
PRM000578,P00096,C00008,63.00,monthly,55-64,2024-05-27,2024-05-25,paid,cheque
PRM000579,P00046,C00149,364.00,monthly,Under 35,2024-05-28,2024-05-25,paid,credit_card
PRM000580,P00050,C00034,66.50,monthly,Under 35,2024-05-28,2024-05-28,paid,cheque
PRM000581,P00068,C00056,70.00,monthly,Under 35,2024-05-28,2024-05-25,paid,cheque
PRM000582,P00101,C00068,49.00,monthly,45-54,2024-05-28,2024-05-28,paid,pad
PRM000583,P00158,C00008,290.70,monthly,55-64,2024-05-28,2024-05-25,paid,cheque
PRM000584,P00018,C00149,117.00,monthly,Under 35,2024-05-29,,missed,
PRM000585,P00054,C00150,290.70,monthly,55-64,2024-05-29,2024-05-26,paid,credit_card
PRM000586,P00077,C00147,91.00,monthly,Under 35,2024-05-29,2024-05-28,paid,pad
PRM000587,P00110,C00093,112.00,monthly,75+,2024-05-29,2024-05-26,paid,cheque
PRM000588,P00153,C00095,209.30,monthly,35-44,2024-05-29,2024-05-27,paid,credit_card
PRM000589,P00171,C00076,272.00,monthly,75+,2024-06-01,2024-06-01,paid,cheque
PRM000590,P00006,C00069,2228.70,yearly,35-44,2024-06-02,2024-06-02,paid,pad
PRM000591,P00013,C00034,161.50,monthly,Under 35,2024-06-02,2024-06-02,paid,credit_card
PRM000592,P00015,C00059,272.00,monthly,75+,2024-06-02,2024-05-30,paid,credit_card
PRM000593,P00111,C00134,140.00,monthly,Under 35,2024-06-02,2024-06-01,paid,cheque
PRM000594,P00126,C00089,272.00,monthly,75+,2024-06-02,2024-06-01,paid,cheque
PRM000595,P00027,C00025,84.00,monthly,65-74,2024-06-03,2024-05-31,paid,credit_card
PRM000596,P00037,C00102,45.00,monthly,Under 35,2024-06-03,2024-06-02,paid,credit_card
PRM000597,P00075,C00100,144.00,monthly,75+,2024-06-03,2024-06-01,paid,credit_card
PRM000598,P00084,C00019,152.95,monthly,35-44,2024-06-03,2024-06-01,paid,cheque
PRM000599,P00019,C00014,204.00,monthly,65-74,2024-06-04,2024-06-02,paid,pad
PRM000600,P00155,C00130,146.00,single,35-44,2024-06-04,2024-06-03,paid,pad
PRM000601,P00160,C00018,85.00,monthly,Under 35,2024-06-04,2024-06-04,paid,cheque
PRM000602,P00081,C00066,218.40,monthly,45-54,2024-06-05,2024-06-02,paid,credit_card
PRM000603,P00164,C00084,499.20,monthly,75+,2024-06-05,2024-06-03,paid,pad
PRM000604,P00082,C00143,51.75,monthly,35-44,2024-06-06,2024-06-05,paid,pad
PRM000605,P00135,C00135,448.00,monthly,75+,2024-06-06,2024-06-06,paid,pad
PRM000606,P00065,C00047,192.00,monthly,75+,2024-06-07,2024-06-04,paid,cheque
PRM000607,P00094,C00056,45.00,monthly,Under 35,2024-06-07,2024-06-04,paid,pad
PRM000608,P00133,C00097,530.40,monthly,65-74,2024-06-07,2024-06-05,paid,pad
PRM000609,P00136,C00102,45.00,monthly,Under 35,2024-06-07,2024-06-24,late,credit_card
PRM000610,P00104,C00100,112.00,monthly,75+,2024-06-08,2024-06-08,paid,cheque
PRM000611,P00024,C00013,358.80,monthly,35-44,2024-06-09,2024-06-09,paid,credit_card
PRM000612,P00089,C00099,155.25,quarterly,35-44,2024-06-09,2024-06-06,paid,cheque
PRM000613,P00131,C00067,45.00,monthly,Under 35,2024-06-09,2024-06-08,paid,cheque
PRM000614,P00147,C00057,35.00,monthly,Under 35,2024-06-09,2024-06-07,paid,pad
PRM000615,P00057,C00033,49.00,monthly,45-54,2024-06-10,2024-06-08,paid,credit_card
PRM000616,P00175,C00024,180.00,quarterly,Under 35,2024-06-10,2024-06-10,paid,pad
PRM000617,P00124,C00119,210.60,monthly,55-64,2024-06-11,2024-06-09,paid,credit_card
PRM000618,P00003,C00107,85.00,monthly,Under 35,2024-06-12,2024-06-11,paid,pad
PRM000619,P00079,C00116,420.00,yearly,Under 35,2024-06-12,2024-06-12,paid,pad
PRM000620,P00122,C00118,112.00,monthly,75+,2024-06-12,2024-06-09,paid,credit_card
PRM000621,P00016,C00001,49.00,monthly,45-54,2024-06-13,2024-06-13,paid,credit_card
PRM000622,P00066,C00064,842.40,quarterly,55-64,2024-06-13,2024-06-12,paid,cheque
PRM000623,P00074,C00020,638.40,monthly,65-74,2024-06-13,2024-06-13,paid,pad
PRM000624,P00080,C00042,615.60,quarterly,55-64,2024-06-13,2024-06-10,paid,credit_card
PRM000625,P00132,C00108,40.25,monthly,35-44,2024-06-13,2024-06-13,paid,cheque
PRM000626,P00138,C00105,196.00,monthly,45-54,2024-06-13,2024-06-10,paid,credit_card
PRM000627,P00179,C00083,448.00,monthly,75+,2024-06-13,2024-06-12,paid,pad
PRM000628,P00058,C00077,69.00,monthly,35-44,2024-06-14,2024-06-13,paid,credit_card
PRM000629,P00123,C00042,108.00,monthly,55-64,2024-06-14,2024-06-13,paid,credit_card
PRM000630,P00007,C00140,127.40,monthly,45-54,2024-06-15,2024-06-15,paid,pad
PRM000631,P00107,C00099,403.65,quarterly,35-44,2024-06-15,2024-06-14,paid,pad
PRM000632,P00118,C00146,530.40,monthly,65-74,2024-06-15,2024-06-13,paid,cheque
PRM000633,P00137,C00064,397.80,monthly,55-64,2024-06-15,2024-06-14,paid,pad
PRM000634,P00020,C00131,638.40,monthly,65-74,2024-06-16,2024-06-16,paid,pad
PRM000635,P00156,C00127,266.00,monthly,Under 35,2024-06-16,2024-06-16,paid,credit_card
PRM000636,P00142,C00091,161.50,monthly,Under 35,2024-06-17,2024-06-16,paid,cheque
PRM000637,P00172,C00137,842.40,quarterly,65-74,2024-06-18,2024-06-17,paid,pad
PRM000638,P00045,C00103,131.10,monthly,35-44,2024-06-19,2024-06-18,paid,credit_card
PRM000639,P00098,C00089,192.00,monthly,75+,2024-06-20,2024-06-20,paid,credit_card
PRM000640,P00076,C00021,228.00,monthly,Under 35,2024-06-21,2024-06-21,paid,pad
PRM000641,P00042,C00129,478.80,monthly,55-64,2024-06-22,2024-06-22,paid,pad
PRM000642,P00090,C00012,216.00,monthly,55-64,2024-06-22,2024-06-20,paid,pad
PRM000643,P00109,C00029,80.50,monthly,35-44,2024-06-22,2024-06-19,paid,credit_card
PRM000644,P00031,C00144,98.00,monthly,45-54,2024-06-23,2024-06-21,paid,cheque
PRM000645,P00125,C00027,336.00,monthly,65-74,2024-06-25,2024-06-29,late,cheque
PRM000646,P00014,C00040,108.00,monthly,65-74,2024-06-26,2024-06-25,paid,pad
PRM000647,P00043,C00060,91.00,monthly,Under 35,2024-06-26,2024-06-26,paid,pad
PRM000648,P00073,C00111,210.60,monthly,55-64,2024-06-26,2024-06-25,paid,credit_card
PRM000649,P00117,C00014,84.00,monthly,65-74,2024-06-26,2024-06-25,paid,cheque
PRM000650,P00069,C00005,384.00,monthly,75+,2024-06-27,2024-06-27,paid,credit_card
PRM000651,P00096,C00008,63.00,monthly,55-64,2024-06-27,2024-07-17,late,cheque
PRM000652,P00046,C00149,364.00,monthly,Under 35,2024-06-28,,missed,
PRM000653,P00050,C00034,66.50,monthly,Under 35,2024-06-28,2024-06-27,paid,cheque
PRM000654,P00068,C00056,70.00,monthly,Under 35,2024-06-28,2024-06-25,paid,cheque
PRM000655,P00101,C00068,49.00,monthly,45-54,2024-06-28,2024-06-27,paid,pad
PRM000656,P00158,C00008,290.70,monthly,55-64,2024-06-28,2024-06-27,paid,cheque
PRM000657,P00018,C00149,117.00,monthly,Under 35,2024-06-29,2024-06-29,paid,pad
PRM000658,P00054,C00150,290.70,monthly,55-64,2024-06-29,2024-06-27,paid,pad
PRM000659,P00077,C00147,91.00,monthly,Under 35,2024-06-29,2024-06-26,paid,cheque
PRM000660,P00110,C00093,112.00,monthly,75+,2024-06-29,2024-06-29,paid,cheque
PRM000661,P00153,C00095,209.30,monthly,35-44,2024-06-29,2024-06-28,paid,credit_card
PRM000662,P00121,C00063,63.00,monthly,55-64,2024-06-30,,missed,
PRM000663,P00053,C00104,1008.00,quarterly,65-74,2024-07-01,2024-06-30,paid,cheque
PRM000664,P00171,C00076,272.00,monthly,75+,2024-07-01,2024-06-28,paid,pad
PRM000665,P00013,C00034,161.50,monthly,Under 35,2024-07-02,2024-07-01,paid,cheque
PRM000666,P00015,C00059,272.00,monthly,75+,2024-07-02,2024-06-30,paid,cheque
PRM000667,P00111,C00134,140.00,monthly,Under 35,2024-07-02,2024-06-30,paid,cheque
PRM000668,P00126,C00089,272.00,monthly,75+,2024-07-02,2024-06-29,paid,credit_card
PRM000669,P00027,C00025,84.00,monthly,65-74,2024-07-03,2024-07-02,paid,pad
PRM000670,P00037,C00102,45.00,monthly,Under 35,2024-07-03,2024-06-30,paid,cheque
PRM000671,P00075,C00100,144.00,monthly,75+,2024-07-03,2024-06-30,paid,cheque
PRM000672,P00083,C00115,576.00,quarterly,75+,2024-07-03,2024-07-02,paid,pad
PRM000673,P00084,C00019,$152.95 CAD,monthly,35-44,07/03/2024,2024-07-01,Paid ,credit_card
PRM000674,P00019,C00014,204.00,monthly,65-74,2024-07-04,2024-07-04,paid,pad
PRM000675,P00160,C00018,85.00,monthly,Under 35,2024-07-04,2024-07-01,paid,cheque
PRM000676,P00081,C00066,218.40,monthly,45-54,2024-07-05,2024-07-04,paid,cheque
PRM000677,P00164,C00084,499.20,monthly,75+,2024-07-05,2024-07-05,paid,pad
PRM000678,P00082,C00143,$51.75 CAD,monthly,35-44,2024-07-06,2024-07-03,paid,credit_card
PRM000679,P00135,C00135,448.00,monthly,75+,2024-07-06,2024-07-04,paid,credit_card
PRM000680,P00065,C00047,192.00,monthly,75+,2024-07-07,2024-07-06,paid,cheque
PRM000681,P00094,C00056,45.00,monthly,Under 35,2024-07-07,2024-07-04,paid,credit_card
PRM000682,P00133,C00097,530.40,monthly,65-74,2024-07-07,2024-07-04,paid,cheque
PRM000683,P00136,C00102,45.00,monthly,Under 35,2024-07-07,2024-07-05,paid,credit_card
PRM000684,P00062,C00096,255.00,quarterly,Under 35,2024-07-08,2024-07-06,paid,cheque
PRM000685,P00104,C00100,112.00,monthly,75+,2024-07-08,2024-07-06,paid,cheque
PRM000686,P00024,C00013,358.80,monthly,35-44,2024-07-09,2024-07-07,paid,pad
PRM000687,P00052,C00082,1344.00,quarterly,75+,2024-07-09,2024-07-09,paid,cheque
PRM000688,P00131,C00067,45.00,monthly,Under 35,2024-07-09,2024-07-09,paid,credit_card
PRM000689,P00147,C00057,35.00,monthly,Under 35,2024-07-09,2024-07-06,paid,pad
PRM000690,P00057,C00033,49.00,monthly,45-54,2024-07-10,2024-07-07,paid,credit_card
PRM000691,P00124,C00119,210.60,monthly,55-64,2024-07-11,2024-07-11,paid,credit_card
PRM000692,P00003,C00107,85.00,monthly,Under 35,2024-07-12,2024-07-09,paid,credit_card
PRM000693,P00122,C00118,112.00,monthly,75+,2024-07-12,2024-07-11,paid,cheque
PRM000694,P00016,C00001,49.00,monthly,45-54,2024-07-13,2024-07-12,paid,cheque
PRM000695,P00074,C00020,638.40,monthly,65-74,2024-07-13,2024-07-10,paid,pad
PRM000696,P00091,C00090,917.70,quarterly,35-44,2024-07-13,2024-07-13,paid,credit_card
PRM000697,P00132,C00108,40.25,monthly,35-44,2024-07-13,2024-07-10,paid,pad
PRM000698,P00138,C00105,196.00,monthly,45-54,2024-07-13,2024-07-12,paid,pad
PRM000699,P00179,C00083,448.00,monthly,75+,2024-07-13,2024-07-11,paid,pad
PRM000700,P00058,C00077,69.00,monthly,35-44,2024-07-14,2024-07-14,paid,credit_card
PRM000701,P00123,C00042,108.00,monthly,55-64,2024-07-14,2024-07-13,paid,pad
PRM000702,P00007,C00140,127.40,monthly,45-54,2024-07-15,2024-07-15,paid,pad
PRM000703,P00118,C00146,530.40,monthly,65-74,2024-07-15,2024-07-13,paid,pad
PRM000704,P00137,C00064,397.80,monthly,55-64,2024-07-15,2024-07-31,late,credit_card
PRM000705,P00020,C00131,638.40,monthly,65-74,2024-07-16,2024-07-15,paid,credit_card
PRM000706,P00156,C00127,266.00,monthly,Under 35,2024-07-16,2024-07-14,paid,cheque
PRM000707,P00008,C00145,105.00,quarterly,Under 35,2024-07-17,2024-07-15,paid,credit_card
PRM000708,P00141,C00092,229.42,quarterly,35-44,2024-07-17,2024-07-17,paid,cheque
PRM000709,P00142,C00091,161.50,monthly,Under 35,2024-07-17,2024-07-15,paid,credit_card
PRM000710,P00035,C00050,84.00,monthly,65-74,2024-07-18,2024-07-17,paid,cheque
PRM000711,P00045,C00103,131.10,monthly,35-44,2024-07-19,2024-07-18,paid,cheque
PRM000712,P00103,C00141,484.50,quarterly,Under 35,2024-07-19,2024-07-17,paid,credit_card
PRM000713,P00098,C00089,192.00,monthly,75+,2024-07-20,2024-07-18,paid,cheque
PRM000714,P00099,C00007,152.95,monthly,35-44,2024-07-20,2024-07-20,paid,credit_card
PRM000715,P00076,C00021,228.00,monthly,Under 35,2024-07-21,2024-07-27,late,cheque
PRM000716,P00042,C00129,478.80,monthly,55-64,2024-07-22,2024-07-20,paid,credit_card
PRM000717,P00090,C00012,216.00,monthly,55-64,2024-07-22,2024-07-21,paid,credit_card
PRM000718,P00109,C00029,80.50,monthly,35-44,2024-07-22,2024-07-20,paid,pad
PRM000719,P00031,C00144,98.00,monthly,45-54,2024-07-23,2024-07-20,paid,cheque
PRM000720,P00162,C00070,798.00,quarterly,Under 35,2024-07-23,2024-07-22,paid,credit_card
PRM000721,P00125,C00027,336.00,monthly,65-74,2024-07-25,2024-08-08,late,credit_card
PRM000722,P00169,C00103,180.00,single,35-44,2024-07-25,2024-07-24,paid,cheque
PRM000723,P00014,C00040,108.00,monthly,65-74,2024-07-26,2024-07-23,paid,credit_card
PRM000724,P00043,C00060,91.00,monthly,Under 35,2024-07-26,2024-07-25,paid,credit_card
PRM000725,P00073,C00111,210.60,monthly,55-64,2024-07-26,2024-07-26,paid,cheque
PRM000726,P00117,C00014,84.00,monthly,65-74,2024-07-26,2024-07-24,paid,cheque
PRM000727,P00069,C00005,384.00,monthly,75+,2024-07-27,2024-07-27,paid,pad
PRM000728,P00096,C00008,63.00,monthly,55-64,2024-07-27,2024-07-27,paid,pad
PRM000729,P00046,C00149,364.00,monthly,Under 35,2024-07-28,2024-07-27,paid,pad
PRM000730,P00050,C00034,66.50,monthly,Under 35,2024-07-28,,missed,
PRM000731,P00068,C00056,70.00,monthly,Under 35,2024-07-28,2024-07-26,paid,credit_card
PRM000732,P00101,C00068,63.00,monthly,55-64,2024-07-28,2024-07-28,paid,pad
PRM000733,P00158,C00008,$290.70 CAD,monthly,55-64,2024-07-28,2024-07-27,paid,pad
PRM000734,P00177,C00095,76.48,monthly,35-44,2024-07-28,2024-07-26,paid,pad
PRM000735,P00018,C00149,117.00,monthly,Under 35,2024-07-29,2024-07-26,paid,cheque
PRM000736,P00054,C00150,290.70,monthly,55-64,2024-07-29,2024-07-29,paid,credit_card
PRM000737,P00077,C00147,91.00,monthly,Under 35,2024-07-29,2024-07-27,paid,cheque
PRM000738,P00110,C00093,112.00,monthly,75+,2024-07-29,2024-07-28,paid,credit_card
PRM000739,P00153,C00095,209.30,monthly,35-44,2024-07-29,2024-08-01,late,cheque
PRM000740,P00121,C00063,63.00,monthly,55-64,2024-07-30,2024-07-28,paid,cheque
PRM000741,P00171,C00076,272.00,monthly,75+,2024-08-01,2024-07-30,paid,credit_card
PRM000742,P00013,C00034,161.50,monthly,Under 35,2024-08-02,2024-07-31,paid,credit_card
PRM000743,P00015,C00059,272.00,monthly,75+,2024-08-02,2024-08-01,paid,pad
PRM000744,P00111,C00134,140.00,monthly,Under 35,2024-08-02,2024-07-30,paid,cheque
PRM000745,P00126,C00089,272.00,monthly,75+,2024-08-02,2024-07-30,paid,credit_card
PRM000746,P00027,C00025,84.00,monthly,65-74,2024-08-03,2024-08-02,paid,pad
PRM000747,P00037,C00102,45.00,monthly,Under 35,2024-08-03,2024-08-03,paid,credit_card
PRM000748,P00075,C00100,144.00,monthly,75+,2024-08-03,2024-08-02,paid,pad
PRM000749,P00019,C00014,204.00,monthly,65-74,2024-08-04,2024-08-03,paid,pad
PRM000750,P00160,C00018,85.00,monthly,Under 35,2024-08-04,2024-08-01,paid,pad
PRM000751,P00081,C00066,218.40,monthly,45-54,2024-08-05,,missed,
PRM000752,P00164,C00084,499.20,monthly,75+,2024-08-05,2024-08-05,paid,pad
PRM000753,P00082,C00143,51.75,monthly,35-44,2024-08-06,2024-08-04,paid,credit_card
PRM000754,P00135,C00135,448.00,monthly,75+,2024-08-06,2024-08-17,late,cheque
PRM000755,P00065,C00047,192.00,monthly,75+,2024-08-07,2024-08-16,late,pad
PRM000756,P00094,C00056,45.00,monthly,Under 35,2024-08-07,2024-08-17,late,credit_card
PRM000757,P00133,C00097,530.40,monthly,65-74,2024-08-07,2024-08-05,paid,credit_card
PRM000758,P00136,C00102,45.00,monthly,Under 35,2024-08-07,2024-08-07,paid,credit_card
PRM000759,P00104,C00100,112.00,monthly,75+,2024-08-08,2024-08-06,paid,cheque
PRM000760,P00024,C00013,358.80,monthly,35-44,2024-08-09,2024-08-07,paid,cheque
PRM000761,P00131,C00067,45.00,monthly,Under 35,2024-08-09,2024-08-08,paid,cheque
PRM000762,P00147,C00057,35.00,monthly,Under 35,2024-08-09,2024-08-06,paid,pad
PRM000763,P00009,C00037,588.00,quarterly,45-54,2024-08-10,2024-08-09,paid,cheque
PRM000764,P00057,C00033,49.00,monthly,45-54,2024-08-10,2024-08-10,paid,credit_card
PRM000765,P00124,C00119,210.60,monthly,55-64,2024-08-11,2024-08-10,paid,pad
PRM000766,P00130,C00142,707.20,monthly,75+,2024-08-11,2024-08-19,late,pad
PRM000767,P00003,C00107,85.00,monthly,Under 35,2024-08-12,2024-08-10,paid,cheque
PRM000768,P00122,C00118,112.00,monthly,75+,2024-08-12,2024-09-16,late,credit_card
PRM000769,P00173,C00051,448.00,monthly,75+,2024-08-12,2024-08-11,paid,cheque
PRM000770,P00016,C00001,49.00,monthly,45-54,2024-08-13,,missed,
PRM000771,P00074,C00020,638.40,monthly,65-74,2024-08-13,2024-08-11,paid,pad
PRM000772,P00132,C00108,40.25,monthly,35-44,2024-08-13,2024-08-10,paid,credit_card
PRM000773,P00138,C00105,196.00,monthly,45-54,2024-08-13,2024-08-12,paid,credit_card
PRM000774,P00179,C00083,448.00,monthly,75+,2024-08-13,2024-08-13,paid,pad
PRM000775,P00058,C00077,69.00,monthly,35-44,2024-08-14,2024-08-11,paid,pad
PRM000776,P00123,C00042,108.00,monthly,55-64,2024-08-14,2024-08-20,late,cheque
PRM000777,P00007,C00140,127.40,monthly,45-54,2024-08-15,2024-08-14,paid,cheque
PRM000778,P00118,C00146,530.40,monthly,65-74,2024-08-15,2024-08-14,paid,credit_card
PRM000779,P00137,C00064,397.80,monthly,55-64,2024-08-15,2024-08-12,paid,credit_card
PRM000780,P00176,C00081,120.75,quarterly,35-44,2024-08-15,2024-08-13,paid,pad
PRM000781,P00020,C00131,638.40,monthly,65-74,2024-08-16,2024-08-16,paid,pad
PRM000782,P00156,C00127,266.00,monthly,Under 35,2024-08-16,2024-08-16,paid,pad
PRM000783,P00142,C00091,161.50,monthly,Under 35,2024-08-17,2024-08-16,paid,cheque
PRM000784,P00025,C00085,499.20,monthly,75+,2024-08-18,2024-08-15,paid,pad
PRM000785,P00035,C00050,84.00,monthly,65-74,2024-08-18,2024-08-18,paid,cheque
PRM000786,P00045,C00103,131.10,monthly,35-44,2024-08-19,2024-08-19,paid,pad
PRM000787,P00149,C00011,678.30,quarterly,45-54,2024-08-19,2024-08-17,paid,credit_card
PRM000788,P00098,C00089,192.00,monthly,75+,2024-08-20,2024-08-19,paid,cheque
PRM000789,P00099,C00007,152.95,monthly,35-44,2024-08-20,2024-08-17,paid,credit_card
PRM000790,P00076,C00021,228.00,monthly,Under 35,2024-08-21,2024-08-21,paid,pad
PRM000791,P00042,C00129,478.80,monthly,55-64,2024-08-22,2024-08-22,paid,cheque
PRM000792,P00090,C00012,216.00,monthly,55-64,2024-08-22,2024-08-20,paid,pad
PRM000793,P00109,C00029,80.50,monthly,35-44,2024-08-22,2024-08-22,paid,pad
PRM000794,P00031,C00144,98.00,monthly,45-54,2024-08-23,2024-08-21,paid,credit_card
PRM000795,P00029,C00044,189.00,quarterly,45-54,2024-08-24,2024-08-23,paid,pad
PRM000796,P00125,C00027,336.00,monthly,65-74,2024-08-25,2024-08-24,paid,cheque
PRM000797,P00014,C00040,108.00,monthly,65-74,2024-08-26,2024-08-26,paid,credit_card
PRM000798,P00043,C00060,91.00,monthly,Under 35,2024-08-26,2024-08-24,paid,pad
PRM000799,P00073,C00111,210.60,monthly,55-64,2024-08-26,,missed,
PRM000800,P00117,C00014,84.00,monthly,65-74,2024-08-26,2024-08-24,paid,cheque
PRM000801,P00069,C00005,384.00,monthly,75+,2024-08-27,2024-08-27,paid,pad
PRM000802,P00096,C00008,63.00,monthly,55-64,2024-08-27,2024-08-26,paid,credit_card
PRM000803,P00046,C00149,364.00,monthly,Under 35,2024-08-28,2024-08-25,paid,cheque
PRM000804,P00050,C00034,66.50,monthly,Under 35,2024-08-28,2024-08-27,paid,pad
PRM000805,P00068,C00056,70.00,monthly,Under 35,2024-08-28,2024-08-28,paid,cheque
PRM000806,P00101,C00068,63.00,monthly,55-64,2024-08-28,2024-08-26,paid,credit_card
PRM000807,P00158,C00008,290.70,monthly,55-64,2024-08-28,2024-08-26,paid,credit_card
PRM000808,P00177,C00095,76.48,monthly,35-44,2024-08-28,2024-09-17,late,credit_card
PRM000809,P00018,C00149,117.00,monthly,Under 35,2024-08-29,2024-09-16,late,cheque
PRM000810,P00054,C00150,290.70,monthly,55-64,2024-08-29,2024-08-27,paid,credit_card
PRM000811,P00077,C00147,91.00,monthly,Under 35,2024-08-29,2024-08-26,paid,credit_card
PRM000812,P00110,C00093,112.00,monthly,75+,2024-08-29,2024-08-26,paid,credit_card
PRM000813,P00153,C00095,209.30,monthly,35-44,2024-08-29,2024-08-26,paid,credit_card
PRM000814,P00121,C00063,63.00,monthly,55-64,2024-08-30,2024-08-30,paid,cheque
PRM000815,P00129,C00021,132.00,single,Under 35,2024-08-31,2024-08-29,paid,pad
PRM000816,P00039,C00114,172.00,single,Under 35,2024-09-01,,missed,
PRM000817,P00171,C00076,272.00,monthly,75+,09/01/2024,2024-08-30,paid,cheque
PRM000818,P00013,C00034,161.50,monthly,Under 35,2024-09-02,2024-09-02,paid,cheque
PRM000819,P00015,C00059,272.00,monthly,75+,2024-09-02,2024-08-31,paid,pad
PRM000820,P00111,C00134,140.00,monthly,Under 35,2024-09-02,2024-09-01,paid,cheque
PRM000821,P00126,C00089,272.00,monthly,75+,2024-09-02,2024-09-07,late,pad
PRM000822,P00027,C00025,84.00,monthly,65-74,2024-09-03,2024-09-01,paid,credit_card
PRM000823,P00037,C00102,45.00,monthly,Under 35,2024-09-03,2024-09-02,paid,pad
PRM000824,P00075,C00100,144.00,monthly,75+,2024-09-03,2024-08-31,paid,pad
PRM000825,P00019,C00014,204.00,monthly,65-74,2024-09-04,2024-09-03,paid,pad
PRM000826,P00051,C00033,168.00,monthly,45-54,2024-09-04,2024-09-04,paid,credit_card
PRM000827,P00160,C00018,85.00,monthly,Under 35,2024-09-04,2024-09-01,Paid ,credit_card
PRM000828,P00081,C00066,218.40,monthly,45-54,2024-09-05,2024-09-15,late,credit_card
PRM000829,P00164,C00084,499.20,monthly,75+,2024-09-05,2024-09-03,paid,cheque
PRM000830,P00082,C00143,51.75,monthly,35-44,2024-09-06,2024-09-05,paid,credit_card
PRM000831,P00135,C00135,448.00,monthly,75+,2024-09-06,2024-09-04,paid,pad
PRM000832,P00065,C00047,192.00,monthly,75+,2024-09-07,2024-09-05,paid,pad
PRM000833,P00094,C00056,45.00,monthly,Under 35,2024-09-07,2024-09-07,paid,cheque
PRM000834,P00133,C00097,530.40,monthly,65-74,2024-09-07,2024-09-07,paid,cheque
PRM000835,P00136,C00102,45.00,monthly,Under 35,2024-09-07,2024-09-04,paid,pad
PRM000836,P00104,C00100,112.00,monthly,75+,2024-09-08,2024-09-08,paid,credit_card
PRM000837,P00024,C00013,358.80,monthly,35-44,2024-09-09,2024-09-09,paid,pad
PRM000838,P00089,C00099,189.00,quarterly,45-54,2024-09-09,2024-09-08,paid,pad
PRM000839,P00131,C00067,45.00,monthly,Under 35,2024-09-09,2024-09-09,paid,credit_card
PRM000840,P00147,C00057,35.00,monthly,Under 35,2024-09-09,2024-09-09,paid,pad
PRM000841,P00057,C00033,49.00,monthly,45-54,2024-09-10,2024-09-08,paid,cheque
PRM000842,P00175,C00024,180.00,quarterly,Under 35,2024-09-10,2024-09-08,paid,cheque
PRM000843,P00124,C00119,210.60,monthly,55-64,2024-09-11,2024-09-09,paid,cheque
PRM000844,P00130,C00142,707.20,monthly,75+,2024-09-11,2024-09-11,paid,pad
PRM000845,P00003,C00107,85.00,monthly,Under 35,2024-09-12,2024-09-12,paid,credit_card
PRM000846,P00122,C00118,112.00,monthly,75+,2024-09-12,2024-10-16,late,pad
PRM000847,P00173,C00051,448.00,monthly,75+,2024-09-12,2024-09-09,paid,pad
PRM000848,P00016,C00001,49.00,monthly,45-54,2024-09-13,,missed,
PRM000849,P00066,C00064,842.40,quarterly,55-64,2024-09-13,2024-09-11,paid,cheque
PRM000850,P00074,C00020,638.40,monthly,65-74,2024-09-13,2024-09-11,paid,cheque
PRM000851,P00080,C00042,615.60,quarterly,55-64,2024-09-13,2024-09-11,paid,pad
PRM000852,P00132,C00108,40.25,monthly,35-44,2024-09-13,2024-09-12,paid,credit_card
PRM000853,P00138,C00105,196.00,monthly,45-54,2024-09-13,2024-09-10,paid,credit_card
PRM000854,P00140,C00123,112.00,monthly,75+,2024-09-13,2024-09-12,paid,pad
PRM000855,P00179,C00083,448.00,monthly,75+,2024-09-13,2024-09-12,paid,cheque
PRM000856,P00058,C00077,69.00,monthly,35-44,2024-09-14,2024-09-11,paid,credit_card
PRM000857,P00123,C00042,108.00,monthly,55-64,2024-09-14,2024-09-13,paid,credit_card
PRM000858,P00007,C00140,127.40,monthly,45-54,2024-09-15,2024-09-12,paid,credit_card
PRM000859,P00107,C00099,491.40,quarterly,45-54,2024-09-15,2024-09-13,paid,credit_card
PRM000860,P00118,C00146,530.40,monthly,65-74,2024-09-15,2024-09-15,paid,pad
PRM000861,P00137,C00064,397.80,monthly,55-64,2024-09-15,2024-09-20,late,pad
PRM000862,P00020,C00131,638.40,monthly,65-74,2024-09-16,2024-09-14,paid,credit_card
PRM000863,P00156,C00127,266.00,monthly,Under 35,2024-09-16,2024-09-16,paid,credit_card
PRM000864,P00034,C00079,100.00,single,45-54,2024-09-17,2024-09-15,paid,credit_card
PRM000865,P00142,C00091,161.50,monthly,Under 35,2024-09-17,2024-09-14,paid,pad
PRM000866,P00025,C00085,499.20,monthly,75+,2024-09-18,2024-09-17,paid,cheque
PRM000867,P00035,C00050,84.00,monthly,65-74,2024-09-18,2024-09-15,paid,cheque
PRM000868,P00172,C00137,842.40,quarterly,65-74,2024-09-18,,missed,
PRM000869,P00045,C00103,$131.10 CAD,monthly,35-44,2024-09-19,2024-09-16,paid,pad
PRM000870,P00098,C00089,192.00,monthly,75+,2024-09-20,2024-09-17,paid,cheque
PRM000871,P00099,C00007,152.95,monthly,35-44,2024-09-20,2024-09-17,paid,credit_card
PRM000872,P00076,C00021,228.00,monthly,Under 35,2024-09-21,2024-09-21,paid,credit_card
PRM000873,P00042,C00129,478.80,monthly,55-64,2024-09-22,2024-09-22,paid,pad
PRM000874,P00090,C00012,216.00,monthly,55-64,2024-09-22,2024-09-22,paid,credit_card
PRM000875,P00109,C00029,80.50,monthly,35-44,2024-09-22,2024-09-20,paid,pad
PRM000876,P00031,C00144,98.00,monthly,45-54,2024-09-23,2024-09-21,paid,pad
PRM000877,P00044,C00128,138.00,monthly,35-44,2024-09-25,2024-09-24,paid,pad
PRM000878,P00125,C00027,336.00,monthly,65-74,2024-09-25,2024-10-01,late,cheque
PRM000879,P00014,C00040,108.00,monthly,65-74,2024-09-26,2024-09-24,paid,cheque
PRM000880,P00043,C00060,91.00,monthly,Under 35,2024-09-26,2024-09-26,paid,pad
PRM000881,P00073,C00111,210.60,monthly,55-64,2024-09-26,2024-09-23,Paid ,pad
PRM000882,P00117,C00014,84.00,monthly,65-74,2024-09-26,2024-09-24,paid,pad
PRM000883,P00069,C00005,384.00,monthly,75+,2024-09-27,2024-09-26,paid,credit_card
PRM000884,P00096,C00008,63.00,monthly,55-64,2024-09-27,2024-09-26,paid,credit_card
PRM000885,P00046,C00149,364.00,monthly,Under 35,2024-09-28,,missed,
PRM000886,P00050,C00034,66.50,monthly,Under 35,2024-09-28,2024-09-28,paid,cheque
PRM000887,P00068,C00056,70.00,monthly,Under 35,2024-09-28,2024-09-28,paid,cheque
PRM000888,P00101,C00068,63.00,monthly,55-64,2024-09-28,2024-09-28,paid,pad
PRM000889,P00158,C00008,290.70,monthly,55-64,2024-09-28,2024-09-26,paid,credit_card
PRM000890,P00177,C00095,76.48,monthly,35-44,2024-09-28,2024-10-09,late,cheque
PRM000891,P00018,C00149,117.00,monthly,Under 35,2024-09-29,2024-10-28,late,credit_card
PRM000892,P00054,C00150,290.70,monthly,55-64,2024-09-29,2024-09-27,paid,cheque
PRM000893,P00077,C00147,91.00,monthly,Under 35,2024-09-29,2024-09-28,paid,pad
PRM000894,P00110,C00093,112.00,monthly,75+,2024-09-29,2024-09-26,paid,cheque
PRM000895,P00153,C00095,209.30,monthly,35-44,2024-09-29,2024-09-26,paid,credit_card
PRM000896,P00121,C00063,63.00,monthly,55-64,2024-09-30,2024-09-29,paid,pad
PRM000897,P00053,C00104,1008.00,quarterly,65-74,2024-10-01,2024-09-28,paid,cheque
PRM000898,P00171,C00076,272.00,monthly,75+,2024-10-01,2024-09-29,paid,credit_card
PRM000899,P00013,C00034,161.50,monthly,Under 35,2024-10-02,2024-09-30,paid,credit_card
PRM000900,P00015,C00059,272.00,monthly,75+,2024-10-02,2024-10-01,paid,cheque
PRM000901,P00111,C00134,140.00,monthly,Under 35,2024-10-02,2024-10-02,paid,pad
PRM000902,P00126,C00089,272.00,monthly,75+,2024-10-02,2024-10-01,paid,credit_card
PRM000903,P00027,C00025,84.00,monthly,65-74,2024-10-03,2024-10-03,paid,cheque
PRM000904,P00037,C00102,45.00,monthly,Under 35,2024-10-03,2024-10-01,paid,credit_card
PRM000905,P00075,C00100,144.00,monthly,75+,2024-10-03,2024-10-03,paid,credit_card
PRM000906,P00083,C00115,576.00,quarterly,75+,2024-10-03,2024-10-01,paid,cheque
PRM000907,P00113,C00039,110.00,single,45-54,2024-10-03,2024-10-03,paid,pad
PRM000908,P00019,C00014,204.00,monthly,65-74,2024-10-04,2024-10-04,paid,cheque
PRM000909,P00051,C00033,168.00,monthly,45-54,2024-10-04,2024-10-01,paid,cheque
PRM000910,P00160,C00018,85.00,monthly,Under 35,2024-10-04,2024-10-03,paid,credit_card
PRM000911,P00081,C00066,218.40,monthly,45-54,2024-10-05,2024-10-14,late,cheque
PRM000912,P00164,C00084,499.20,monthly,75+,2024-10-05,2024-10-02,paid,cheque
PRM000913,P00002,C00152,2553.60,quarterly,75+,2024-10-06,2024-10-03,paid,credit_card
PRM000914,P00082,C00143,51.75,monthly,35-44,2024-10-06,2024-10-04,paid,pad
PRM000915,P00135,C00135,448.00,monthly,75+,2024-10-06,2024-10-05,paid,credit_card
PRM000916,P00065,C00047,192.00,monthly,75+,2024-10-07,2024-10-04,paid,cheque
PRM000917,P00094,C00056,$45.00 CAD,monthly,Under 35,2024-10-07,2024-10-04,Paid ,pad
PRM000918,P00133,C00097,530.40,monthly,65-74,2024-10-07,2024-10-06,paid,credit_card
PRM000919,P00136,C00102,45.00,monthly,Under 35,2024-10-07,2024-10-04,paid,pad
PRM000920,P00062,C00096,255.00,quarterly,Under 35,2024-10-08,2024-10-07,paid,credit_card
PRM000921,P00104,C00100,112.00,monthly,75+,2024-10-08,2024-10-06,paid,credit_card
PRM000922,P00024,C00013,358.80,monthly,35-44,2024-10-09,2024-10-07,paid,cheque
PRM000923,P00052,C00082,1344.00,quarterly,75+,2024-10-09,2024-10-09,paid,credit_card
PRM000924,P00131,C00067,45.00,monthly,Under 35,2024-10-09,2024-10-08,paid,pad
PRM000925,P00147,C00057,35.00,monthly,Under 35,2024-10-09,2024-10-09,paid,pad
PRM000926,P00165,C00010,85.00,monthly,Under 35,2024-10-09,2024-10-07,paid,credit_card
PRM000927,P00057,C00033,49.00,monthly,45-54,2024-10-10,2024-10-07,paid,pad
PRM000928,P00124,C00119,210.60,monthly,55-64,2024-10-11,2024-10-11,paid,cheque
PRM000929,P00130,C00142,707.20,monthly,75+,2024-10-11,2024-10-11,paid,pad
PRM000930,P00003,C00107,85.00,monthly,Under 35,2024-10-12,2024-10-11,paid,pad
PRM000931,P00122,C00118,112.00,monthly,75+,2024-10-12,2024-11-11,late,cheque
PRM000932,P00173,C00051,448.00,monthly,75+,2024-10-12,2024-10-11,paid,credit_card
PRM000933,P00016,C00001,49.00,monthly,45-54,2024-10-13,2024-10-11,paid,cheque
PRM000934,P00074,C00020,638.40,monthly,65-74,2024-10-13,2024-10-13,paid,pad
PRM000935,P00091,C00090,917.70,quarterly,35-44,2024-10-13,2024-10-10,paid,credit_card
PRM000936,P00132,C00108,40.25,monthly,35-44,2024-10-13,2024-10-10,paid,credit_card
PRM000937,P00138,C00105,196.00,monthly,45-54,2024-10-13,2024-10-13,paid,cheque
PRM000938,P00140,C00123,112.00,monthly,75+,2024-10-13,2024-10-11,paid,cheque
PRM000939,P00179,C00083,448.00,monthly,75+,2024-10-13,2024-10-12,paid,cheque
PRM000940,P00058,C00077,69.00,monthly,35-44,2024-10-14,2024-10-13,paid,credit_card
PRM000941,P00123,C00042,108.00,monthly,55-64,2024-10-14,2024-10-13,paid,pad
PRM000942,P00007,C00140,127.40,monthly,45-54,2024-10-15,2024-10-15,paid,pad
PRM000943,P00118,C00146,530.40,monthly,65-74,2024-10-15,2024-10-12,paid,pad
PRM000944,P00137,C00064,397.80,monthly,55-64,2024-10-15,2024-10-13,paid,pad
PRM000945,P00020,C00131,638.40,monthly,65-74,2024-10-16,2024-10-16,paid,cheque
PRM000946,P00156,C00127,266.00,monthly,Under 35,2024-10-16,2024-10-13,paid,pad
PRM000947,P00008,C00145,105.00,quarterly,Under 35,2024-10-17,2024-10-16,paid,credit_card
PRM000948,P00108,C00060,85.00,monthly,Under 35,2024-10-17,2024-10-17,paid,credit_card
PRM000949,P00141,C00092,229.42,quarterly,35-44,2024-10-17,2024-10-14,paid,pad
PRM000950,P00142,C00091,161.50,monthly,Under 35,2024-10-17,2024-10-17,paid,credit_card
PRM000951,P00025,C00085,499.20,monthly,75+,2024-10-18,2024-10-17,paid,cheque
PRM000952,P00035,C00050,84.00,monthly,65-74,2024-10-18,2024-10-17,paid,cheque
PRM000953,P00154,C00123,374.40,monthly,75+,2024-10-18,2024-10-17,paid,cheque
PRM000954,P00045,C00103,131.10,monthly,35-44,2024-10-19,2024-10-19,paid,credit_card
PRM000955,P00103,C00141,484.50,quarterly,Under 35,2024-10-19,2024-10-17,paid,credit_card
PRM000956,P00098,C00089,192.00,monthly,75+,2024-10-20,2024-10-20,paid,cheque
PRM000957,P00099,C00007,152.95,monthly,35-44,2024-10-20,2024-10-17,paid,cheque
PRM000958,P00076,C00021,228.00,monthly,Under 35,2024-10-21,2024-10-21,paid,cheque
PRM000959,P00042,C00129,478.80,monthly,55-64,2024-10-22,2024-10-20,paid,cheque
PRM000960,P00090,C00012,216.00,monthly,55-64,2024-10-22,2024-10-21,paid,pad
PRM000961,P00031,C00144,98.00,monthly,45-54,2024-10-23,2024-10-20,paid,cheque
PRM000962,P00162,C00070,798.00,quarterly,Under 35,2024-10-23,2024-10-21,paid,pad
PRM000963,P00044,C00128,138.00,monthly,35-44,2024-10-25,,missed,
PRM000964,P00125,C00027,336.00,monthly,65-74,2024-10-25,2024-10-25,paid,credit_card
PRM000965,P00014,C00040,108.00,monthly,65-74,2024-10-26,2024-10-24,paid,pad
PRM000966,P00043,C00060,91.00,monthly,Under 35,2024-10-26,2024-10-23,paid,cheque
PRM000967,P00073,C00111,210.60,monthly,55-64,2024-10-26,2024-10-26,paid,pad
PRM000968,P00117,C00014,84.00,monthly,65-74,2024-10-26,2024-10-25,paid,pad
PRM000969,P00069,C00005,384.00,monthly,75+,2024-10-27,2024-10-24,paid,cheque
PRM000970,P00096,C00008,63.00,monthly,55-64,2024-10-27,2024-10-26,paid,cheque
PRM000971,P00046,C00149,364.00,monthly,Under 35,2024-10-28,,missed,
PRM000972,P00050,C00034,66.50,monthly,Under 35,2024-10-28,2024-10-26,paid,cheque
PRM000973,P00068,C00056,70.00,monthly,Under 35,2024-10-28,2024-10-28,paid,credit_card
PRM000974,P00101,C00068,63.00,monthly,55-64,2024-10-28,2024-10-25,paid,cheque
PRM000975,P00158,C00008,290.70,monthly,55-64,2024-10-28,2024-10-26,paid,credit_card
PRM000976,P00177,C00095,76.48,monthly,35-44,2024-10-28,2024-10-25,paid,cheque
PRM000977,P00018,C00149,117.00,monthly,Under 35,2024-10-29,2024-10-26,paid,credit_card
PRM000978,P00054,C00150,290.70,monthly,55-64,2024-10-29,2024-10-27,paid,credit_card
PRM000979,P00077,C00147,91.00,monthly,Under 35,2024-10-29,2024-10-26,paid,pad
PRM000980,P00110,C00093,112.00,monthly,75+,2024-10-29,2024-10-28,paid,credit_card
PRM000981,P00153,C00095,209.30,monthly,35-44,2024-10-29,2024-10-26,paid,credit_card
PRM000982,P00121,C00063,63.00,monthly,55-64,2024-10-30,2024-11-25,late,cheque
PRM000983,P00171,C00076,272.00,monthly,75+,2024-11-01,2024-11-01,paid,cheque
PRM000984,P00013,C00034,161.50,monthly,Under 35,2024-11-02,2024-10-31,paid,credit_card
PRM000985,P00015,C00059,272.00,monthly,75+,2024-11-02,2024-11-02,paid,credit_card
PRM000986,P00030,C00139,60.00,monthly,Under 35,2024-11-02,2024-11-02,paid,pad
PRM000987,P00111,C00134,140.00,monthly,Under 35,2024-11-02,2024-11-02,paid,pad
PRM000988,P00126,C00089,272.00,monthly,75+,2024-11-02,2024-11-01,paid,credit_card
PRM000989,P00027,C00025,84.00,monthly,65-74,2024-11-03,2024-11-03,paid,credit_card
PRM000990,P00037,C00102,45.00,monthly,Under 35,2024-11-03,2024-11-02,paid,credit_card
PRM000991,P00075,C00100,144.00,monthly,75+,2024-11-03,2024-11-01,paid,pad
PRM000992,P00019,C00014,204.00,monthly,65-74,2024-11-04,2024-11-01,paid,cheque
PRM000993,P00051,C00033,$168.00 CAD,monthly,45-54,2024-11-04,2024-11-04,paid,credit_card
PRM000994,P00160,C00018,85.00,monthly,Under 35,2024-11-04,2024-11-03,paid,cheque
PRM000995,P00081,C00066,218.40,monthly,45-54,2024-11-05,2024-11-02,paid,pad
PRM000996,P00164,C00084,499.20,monthly,75+,2024-11-05,2024-11-03,paid,credit_card
PRM000997,P00082,C00143,51.75,monthly,35-44,2024-11-06,2024-11-03,paid,pad
PRM000998,P00135,C00135,448.00,monthly,75+,2024-11-06,2024-11-04,paid,cheque
PRM000999,P00065,C00047,192.00,monthly,75+,2024-11-07,2024-11-06,paid,credit_card
PRM001000,P00094,C00056,45.00,monthly,Under 35,2024-11-07,2024-11-04,paid,cheque
PRM001001,P00133,C00097,530.40,monthly,65-74,2024-11-07,2024-11-06,paid,credit_card
PRM001002,P00136,C00102,45.00,monthly,Under 35,2024-11-07,2024-11-05,paid,credit_card
PRM001003,P00104,C00100,112.00,monthly,75+,2024-11-08,2024-11-08,paid,cheque
PRM001004,P00024,C00013,358.80,monthly,35-44,2024-11-09,2024-11-09,paid,pad
PRM001005,P00131,C00067,45.00,monthly,Under 35,2024-11-09,2024-11-06,paid,cheque
PRM001006,P00147,C00057,35.00,monthly,Under 35,2024-11-09,2024-11-09,paid,pad
PRM001007,P00165,C00010,85.00,monthly,Under 35,2024-11-09,2024-11-09,paid,cheque
PRM001008,P00009,C00037,588.00,quarterly,45-54,2024-11-10,2024-11-07,paid,credit_card
PRM001009,P00057,C00033,49.00,monthly,45-54,2024-11-10,2024-11-07,paid,credit_card
PRM001010,P00124,C00119,210.60,monthly,55-64,2024-11-11,2024-11-09,paid,credit_card
PRM001011,P00130,C00142,707.20,monthly,75+,2024-11-11,2024-11-10,paid,credit_card
PRM001012,P00003,C00107,85.00,monthly,Under 35,2024-11-12,2024-11-11,paid,pad
PRM001013,P00122,C00118,112.00,monthly,75+,11/12/2024,2024-12-07,Late ,cheque
PRM001014,P00173,C00051,448.00,monthly,75+,2024-11-12,2024-11-10,paid,credit_card
PRM001015,P00016,C00001,49.00,monthly,45-54,2024-11-13,2024-11-12,paid,credit_card
PRM001016,P00074,C00020,638.40,monthly,65-74,2024-11-13,2024-11-10,paid,pad
PRM001017,P00132,C00108,40.25,monthly,35-44,2024-11-13,2024-11-11,paid,credit_card
PRM001018,P00138,C00105,196.00,monthly,45-54,2024-11-13,2024-11-12,paid,pad
PRM001019,P00140,C00123,112.00,monthly,75+,2024-11-13,2024-11-13,paid,pad
PRM001020,P00179,C00083,448.00,monthly,75+,2024-11-13,2024-11-11,paid,pad
PRM001021,P00058,C00077,69.00,monthly,35-44,2024-11-14,2024-11-11,paid,cheque
PRM001022,P00123,C00042,108.00,monthly,55-64,2024-11-14,2024-11-23,late,cheque
PRM001023,P00007,C00140,127.40,monthly,45-54,2024-11-15,2024-11-14,paid,credit_card
PRM001024,P00100,C00036,5376.00,yearly,75+,2024-11-15,2024-11-15,paid,credit_card
PRM001025,P00118,C00146,530.40,monthly,65-74,2024-11-15,2024-11-12,paid,cheque
PRM001026,P00137,C00064,397.80,monthly,55-64,2024-11-15,2024-11-15,paid,pad
PRM001027,P00176,C00081,120.75,quarterly,35-44,2024-11-15,2024-11-15,paid,pad
PRM001028,P00020,C00131,638.40,monthly,65-74,2024-11-16,2024-11-13,paid,pad
PRM001029,P00048,C00041,207.00,quarterly,35-44,2024-11-16,2024-11-14,paid,credit_card
PRM001030,P00156,C00127,266.00,monthly,Under 35,2024-11-16,2024-11-14,paid,credit_card
PRM001031,P00108,C00060,85.00,monthly,Under 35,2024-11-17,2024-11-20,late,credit_card
PRM001032,P00142,C00091,161.50,monthly,Under 35,2024-11-17,2024-11-16,paid,cheque
PRM001033,P00174,C00031,243.00,quarterly,55-64,2024-11-17,2024-11-15,paid,credit_card
PRM001034,P00025,C00085,499.20,monthly,75+,2024-11-18,2024-11-16,paid,cheque
PRM001035,P00035,C00050,84.00,monthly,65-74,2024-11-18,2024-11-16,paid,cheque
PRM001036,P00154,C00123,374.40,monthly,75+,2024-11-18,2024-11-17,paid,cheque
PRM001037,P00045,C00103,131.10,monthly,35-44,2024-11-19,2024-11-19,paid,pad
PRM001038,P00149,C00011,678.30,quarterly,45-54,2024-11-19,2024-11-17,paid,cheque
PRM001039,P00098,C00089,192.00,monthly,75+,2024-11-20,2024-11-17,paid,credit_card
PRM001040,P00099,C00007,152.95,monthly,35-44,2024-11-20,2024-11-19,paid,pad
PRM001041,P00076,C00021,262.20,monthly,35-44,2024-11-21,2024-11-18,paid,credit_card
PRM001042,P00042,C00129,478.80,monthly,55-64,2024-11-22,2024-12-13,late,credit_card
PRM001043,P00086,C00109,374.40,monthly,75+,2024-11-22,2024-11-19,paid,credit_card
PRM001044,P00090,C00012,216.00,monthly,55-64,2024-11-22,2024-11-19,paid,cheque
PRM001045,P00031,C00144,98.00,monthly,45-54,2024-11-23,2024-11-21,paid,credit_card
PRM001046,P00029,C00044,189.00,quarterly,45-54,2024-11-24,2024-11-22,paid,credit_card
PRM001047,P00044,C00128,138.00,monthly,35-44,2024-11-25,2024-12-04,late,cheque
PRM001048,P00125,C00027,336.00,monthly,65-74,2024-11-25,2024-11-23,paid,credit_card
PRM001049,P00014,C00040,108.00,monthly,65-74,2024-11-26,,missed,
PRM001050,P00043,C00060,91.00,monthly,Under 35,2024-11-26,2024-11-25,paid,credit_card
PRM001051,P00073,C00111,210.60,monthly,55-64,2024-11-26,,Missed ,
PRM001052,P00097,C00068,461.70,quarterly,55-64,2024-11-26,2024-11-24,paid,pad
PRM001053,P00117,C00014,84.00,monthly,65-74,2024-11-26,2024-11-23,paid,cheque
PRM001054,P00069,C00005,384.00,monthly,75+,2024-11-27,2024-12-15,late,cheque
PRM001055,P00096,C00008,63.00,monthly,55-64,2024-11-27,2024-11-27,paid,pad
PRM001056,P00046,C00149,364.00,monthly,Under 35,2024-11-28,2024-11-25,paid,cheque
PRM001057,P00050,C00034,66.50,monthly,Under 35,2024-11-28,2024-11-26,Paid ,credit_card
PRM001058,P00068,C00056,70.00,monthly,Under 35,2024-11-28,2024-11-28,paid,pad
PRM001059,P00101,C00068,63.00,monthly,55-64,2024-11-28,2024-11-26,paid,pad
PRM001060,P00158,C00008,290.70,monthly,55-64,2024-11-28,2024-11-27,paid,cheque
PRM001061,P00177,C00095,76.48,monthly,35-44,2024-11-28,2024-11-25,paid,cheque
PRM001062,P00018,C00149,117.00,monthly,Under 35,2024-11-29,2024-11-28,paid,pad
PRM001063,P00054,C00150,290.70,monthly,55-64,2024-11-29,2024-11-27,paid,credit_card
PRM001064,P00077,C00147,91.00,monthly,Under 35,2024-11-29,2024-11-29,paid,credit_card
PRM001065,P00110,C00093,112.00,monthly,75+,2024-11-29,2024-11-29,paid,cheque
PRM001066,P00153,C00095,209.30,monthly,35-44,2024-11-29,2024-11-29,paid,pad
PRM001067,P00070,C00041,917.70,yearly,35-44,2024-11-30,2024-11-30,paid,credit_card
PRM001068,P00121,C00063,63.00,monthly,55-64,2024-11-30,2024-12-10,late,cheque
PRM001069,P00171,C00076,272.00,monthly,75+,2024-12-01,2024-11-29,paid,credit_card
PRM001070,P00013,C00034,161.50,monthly,Under 35,2024-12-02,2024-11-29,paid,credit_card
PRM001071,P00015,C00059,272.00,monthly,75+,2024-12-02,2024-12-02,paid,cheque
PRM001072,P00030,C00139,60.00,monthly,Under 35,2024-12-02,2024-12-01,paid,cheque
PRM001073,P00111,C00134,140.00,monthly,Under 35,2024-12-02,2024-12-01,paid,cheque
PRM001074,P00126,C00089,272.00,monthly,75+,2024-12-02,2024-11-29,paid,cheque
PRM001075,P00027,C00025,84.00,monthly,65-74,2024-12-03,2024-12-01,paid,cheque
PRM001076,P00037,C00102,45.00,monthly,Under 35,2024-12-03,2024-12-02,paid,credit_card
PRM001077,P00075,C00100,144.00,monthly,75+,2024-12-03,2024-12-02,paid,pad
PRM001078,P00087,C00023,76.48,monthly,35-44,2024-12-03,2024-11-30,paid,credit_card
PRM001079,P00019,C00014,204.00,monthly,65-74,2024-12-04,2024-12-20,late,pad
PRM001080,P00051,C00033,168.00,monthly,45-54,2024-12-04,2024-12-04,paid,credit_card
PRM001081,P00160,C00018,85.00,monthly,Under 35,2024-12-04,2024-12-03,paid,cheque
PRM001082,P00081,C00066,218.40,monthly,45-54,2024-12-05,2024-12-04,paid,cheque
PRM001083,P00164,C00084,499.20,monthly,75+,2024-12-05,2024-12-04,paid,cheque
PRM001084,P00082,C00143,51.75,monthly,35-44,2024-12-06,2024-12-05,paid,pad
PRM001085,P00135,C00135,448.00,monthly,75+,2024-12-06,2024-12-03,paid,cheque
PRM001086,P00065,C00047,192.00,monthly,75+,2024-12-07,2024-12-04,Paid ,pad
PRM001087,P00094,C00056,45.00,monthly,Under 35,2024-12-07,2024-12-04,paid,pad
PRM001088,P00133,C00097,530.40,monthly,65-74,2024-12-07,2024-12-06,paid,pad
PRM001089,P00136,C00102,45.00,monthly,Under 35,2024-12-07,2024-12-06,paid,credit_card
PRM001090,P00104,C00100,112.00,monthly,75+,2024-12-08,2024-12-05,paid,credit_card
PRM001091,P00024,C00013,358.80,monthly,35-44,2024-12-09,2024-12-09,paid,pad
PRM001092,P00089,C00099,189.00,quarterly,45-54,2024-12-09,2024-12-06,paid,pad
PRM001093,P00131,C00067,45.00,monthly,Under 35,2024-12-09,2024-12-08,paid,pad
PRM001094,P00147,C00057,35.00,monthly,Under 35,2024-12-09,2024-12-24,late,credit_card
PRM001095,P00165,C00010,85.00,monthly,Under 35,2024-12-09,2024-12-09,paid,pad
PRM001096,P00057,C00033,49.00,monthly,45-54,12/10/2024,,Missed ,
PRM001097,P00175,C00024,180.00,quarterly,Under 35,2024-12-10,2024-12-08,paid,cheque
PRM001098,P00112,C00122,85.00,monthly,Under 35,2024-12-11,2024-12-08,paid,pad
PRM001099,P00124,C00119,210.60,monthly,55-64,2024-12-11,2024-12-08,paid,pad
PRM001100,P00130,C00142,707.20,monthly,75+,2024-12-11,2024-12-08,paid,cheque
PRM001101,P00003,C00107,85.00,monthly,Under 35,2024-12-12,2024-12-12,paid,cheque
PRM001102,P00122,C00118,112.00,monthly,75+,2024-12-12,2024-12-09,paid,pad
PRM001103,P00173,C00051,448.00,monthly,75+,2024-12-12,2024-12-12,paid,cheque
PRM001104,P00016,C00001,49.00,monthly,45-54,2024-12-13,2024-12-10,paid,cheque
PRM001105,P00066,C00064,842.40,quarterly,55-64,2024-12-13,2024-12-10,paid,cheque
PRM001106,P00074,C00020,638.40,monthly,65-74,2024-12-13,2024-12-10,paid,pad
PRM001107,P00080,C00042,615.60,quarterly,55-64,2024-12-13,2024-12-13,paid,cheque
PRM001108,P00132,C00108,49.00,monthly,45-54,2024-12-13,2024-12-12,paid,credit_card
PRM001109,P00138,C00105,196.00,monthly,45-54,2024-12-13,2024-12-12,paid,pad
PRM001110,P00140,C00123,112.00,monthly,75+,2024-12-13,2024-12-13,paid,cheque
PRM001111,P00179,C00083,448.00,monthly,75+,2024-12-13,2024-12-10,paid,cheque
PRM001112,P00058,C00077,69.00,monthly,35-44,2024-12-14,2024-12-12,paid,credit_card
PRM001113,P00123,C00042,108.00,monthly,55-64,2024-12-14,2024-12-14,paid,pad
PRM001114,P00007,C00140,127.40,monthly,45-54,2024-12-15,2024-12-13,paid,credit_card
PRM001115,P00107,C00099,491.40,quarterly,45-54,2024-12-15,2024-12-14,paid,credit_card
PRM001116,P00118,C00146,530.40,monthly,65-74,2024-12-15,2024-12-14,paid,pad
PRM001117,P00137,C00064,397.80,monthly,55-64,2024-12-15,2024-12-15,paid,credit_card
PRM001118,P00020,C00131,638.40,monthly,65-74,2024-12-16,2024-12-15,paid,pad
PRM001119,P00156,C00127,266.00,monthly,Under 35,2024-12-16,2024-12-16,paid,cheque
PRM001120,P00108,C00060,85.00,monthly,Under 35,2024-12-17,2024-12-24,late,cheque
PRM001121,P00142,C00091,161.50,monthly,Under 35,2024-12-17,2024-12-14,paid,credit_card
PRM001122,P00025,C00085,499.20,monthly,75+,2024-12-18,2024-12-15,paid,cheque
PRM001123,P00035,C00050,84.00,monthly,65-74,2024-12-18,2024-12-29,late,credit_card
PRM001124,P00154,C00123,374.40,monthly,75+,2024-12-18,2024-12-17,paid,pad
PRM001125,P00172,C00137,842.40,quarterly,65-74,2024-12-18,2024-12-15,paid,cheque
PRM001126,P00045,C00103,131.10,monthly,35-44,2024-12-19,2024-12-19,paid,pad
PRM001127,P00098,C00089,192.00,monthly,75+,2024-12-20,2024-12-20,paid,pad
PRM001128,P00099,C00007,152.95,monthly,35-44,2024-12-20,2024-12-19,paid,cheque
PRM001129,P00076,C00021,262.20,monthly,35-44,2024-12-21,2024-12-18,paid,cheque
PRM001130,P00042,C00129,478.80,monthly,55-64,2024-12-22,2025-01-01,late,pad
PRM001131,P00086,C00109,374.40,monthly,75+,2024-12-22,2025-01-15,late,pad
PRM001132,P00090,C00012,216.00,monthly,55-64,2024-12-22,2024-12-19,paid,pad
PRM001133,P00044,C00128,138.00,monthly,35-44,2024-12-25,2024-12-24,paid,cheque
PRM001134,P00125,C00027,336.00,monthly,65-74,2024-12-25,2024-12-24,paid,pad
PRM001135,P00014,C00040,108.00,monthly,65-74,2024-12-26,2024-12-26,paid,credit_card
PRM001136,P00043,C00060,91.00,monthly,Under 35,2024-12-26,2024-12-26,paid,pad
PRM001137,P00073,C00111,210.60,monthly,55-64,2024-12-26,,missed,
PRM001138,P00117,C00014,84.00,monthly,65-74,2024-12-26,2024-12-25,paid,cheque
PRM001139,P00069,C00005,384.00,monthly,75+,2024-12-27,2025-01-02,late,cheque
PRM001140,P00096,C00008,63.00,monthly,55-64,2024-12-27,2024-12-24,paid,pad
PRM001141,P00046,C00149,364.00,monthly,Under 35,2024-12-28,2024-12-26,paid,pad
PRM001142,P00050,C00034,66.50,monthly,Under 35,2024-12-28,2024-12-25,paid,credit_card
PRM001143,P00101,C00068,63.00,monthly,55-64,2024-12-28,2025-01-11,late,pad
PRM001144,P00158,C00008,290.70,monthly,55-64,2024-12-28,2024-12-27,paid,pad
PRM001145,P00177,C00095,76.48,monthly,35-44,2024-12-28,2025-01-05,late,credit_card
PRM001146,P00018,C00149,117.00,monthly,Under 35,2024-12-29,,missed,
PRM001147,P00054,C00150,290.70,monthly,55-64,2024-12-29,2024-12-29,paid,pad
PRM001148,P00077,C00147,91.00,monthly,Under 35,2024-12-29,2024-12-28,paid,cheque
PRM001149,P00110,C00093,112.00,monthly,75+,2024-12-29,2024-12-28,paid,credit_card
PRM001150,P00153,C00095,209.30,monthly,35-44,2024-12-29,2024-12-29,paid,credit_card
PRM001151,P00121,C00063,63.00,monthly,55-64,2024-12-30,2025-01-14,late,credit_card
PRM001152,P00053,C00104,1008.00,quarterly,65-74,2025-01-01,2024-12-29,paid,credit_card
PRM001153,P00171,C00076,272.00,monthly,75+,2025-01-01,2024-12-30,paid,credit_card
PRM001154,P00013,C00034,161.50,monthly,Under 35,2025-01-02,2024-12-30,paid,credit_card
PRM001155,P00015,C00059,272.00,monthly,75+,2025-01-02,2024-12-30,paid,pad
PRM001156,P00030,C00139,60.00,monthly,Under 35,2025-01-02,2024-12-30,paid,pad
PRM001157,P00111,C00134,140.00,monthly,Under 35,2025-01-02,2025-01-01,paid,cheque
PRM001158,P00126,C00089,272.00,monthly,75+,2025-01-02,2025-01-02,paid,pad
PRM001159,P00027,C00025,84.00,monthly,65-74,2025-01-03,2025-01-01,paid,pad
PRM001160,P00037,C00102,45.00,monthly,Under 35,2025-01-03,2024-12-31,paid,pad
PRM001161,P00071,C00029,966.00,yearly,35-44,2025-01-03,2025-01-02,paid,pad
PRM001162,P00075,C00100,144.00,monthly,75+,2025-01-03,2025-01-02,paid,credit_card
PRM001163,P00083,C00115,576.00,quarterly,75+,2025-01-03,2025-01-01,paid,cheque
PRM001164,P00087,C00023,76.48,monthly,35-44,2025-01-03,2025-01-02,paid,cheque
PRM001165,P00011,C00109,2304.00,yearly,75+,2025-01-04,,missed,
PRM001166,P00019,C00014,204.00,monthly,65-74,2025-01-04,2025-01-04,paid,pad
PRM001167,P00051,C00033,168.00,monthly,45-54,2025-01-04,2025-01-04,paid,cheque
PRM001168,P00160,C00018,85.00,monthly,Under 35,2025-01-04,2025-01-04,paid,credit_card
PRM001169,P00081,C00066,218.40,monthly,45-54,2025-01-05,,missed,
PRM001170,P00116,C00037,147.00,quarterly,45-54,2025-01-05,2025-01-21,late,cheque
PRM001171,P00164,C00084,499.20,monthly,75+,2025-01-05,2025-01-02,paid,credit_card
PRM001172,P00002,C00152,2553.60,quarterly,75+,2025-01-06,2025-01-03,paid,cheque
PRM001173,P00082,C00143,51.75,monthly,35-44,2025-01-06,2025-01-04,paid,pad
PRM001174,P00135,C00135,448.00,monthly,75+,2025-01-06,2025-01-04,paid,pad
PRM001175,P00065,C00047,192.00,monthly,75+,2025-01-07,2025-01-06,paid,pad
PRM001176,P00094,C00056,45.00,monthly,Under 35,2025-01-07,2025-01-07,paid,pad
PRM001177,P00133,C00097,530.40,monthly,65-74,2025-01-07,2025-01-20,late,cheque
PRM001178,P00136,C00102,45.00,monthly,Under 35,2025-01-07,2025-01-06,paid,credit_card
PRM001179,P00062,C00096,255.00,quarterly,Under 35,2025-01-08,2025-01-08,paid,pad
PRM001180,P00104,C00100,112.00,monthly,75+,2025-01-08,2025-01-06,paid,credit_card
PRM001181,P00024,C00013,358.80,monthly,35-44,2025-01-09,2025-01-21,late,cheque
PRM001182,P00052,C00082,1344.00,quarterly,75+,2025-01-09,2025-01-06,paid,cheque
PRM001183,P00131,C00067,45.00,monthly,Under 35,2025-01-09,2025-01-09,paid,cheque
PRM001184,P00139,C00035,1296.00,yearly,65-74,2025-01-09,2025-01-08,paid,pad
PRM001185,P00147,C00057,35.00,monthly,Under 35,2025-01-09,2025-02-05,late,credit_card
PRM001186,P00165,C00010,85.00,monthly,Under 35,2025-01-09,2025-01-08,paid,credit_card
PRM001187,P00004,C00128,150.00,single,35-44,2025-01-10,2025-01-08,paid,credit_card
PRM001188,P00057,C00033,49.00,monthly,45-54,2025-01-10,2025-01-07,paid,cheque
PRM001189,P00112,C00122,85.00,monthly,Under 35,2025-01-11,2025-01-11,paid,pad
PRM001190,P00124,C00119,210.60,monthly,55-64,2025-01-11,2025-01-11,paid,pad
PRM001191,P00130,C00142,707.20,monthly,75+,2025-01-11,,missed,
PRM001192,P00003,C00107,85.00,monthly,Under 35,2025-01-12,2025-01-09,paid,cheque
PRM001193,P00122,C00118,112.00,monthly,75+,2025-01-12,2025-01-10,paid,credit_card
PRM001194,P00173,C00051,448.00,monthly,75+,2025-01-12,2025-01-09,paid,cheque
PRM001195,P00016,C00001,49.00,monthly,45-54,2025-01-13,2025-02-04,late,pad
PRM001196,P00074,C00020,638.40,monthly,65-74,2025-01-13,2025-01-11,paid,cheque
PRM001197,P00091,C00090,917.70,quarterly,35-44,2025-01-13,2025-02-02,late,cheque
PRM001198,P00132,C00108,49.00,monthly,45-54,2025-01-13,2025-01-11,paid,credit_card
PRM001199,P00138,C00105,196.00,monthly,45-54,2025-01-13,2025-01-13,paid,credit_card
PRM001200,P00140,C00123,112.00,monthly,75+,2025-01-13,2025-01-13,paid,pad
PRM001201,P00179,C00083,448.00,monthly,75+,2025-01-13,2025-01-13,paid,credit_card
PRM001202,P00058,C00077,69.00,monthly,35-44,2025-01-14,2025-01-12,paid,pad
PRM001203,P00123,C00042,108.00,monthly,55-64,2025-01-14,2025-01-11,paid,cheque
PRM001204,P00007,C00140,127.40,monthly,45-54,2025-01-15,2025-01-12,paid,credit_card
PRM001205,P00118,C00146,530.40,monthly,65-74,2025-01-15,2025-01-14,paid,cheque
PRM001206,P00137,C00064,397.80,monthly,55-64,2025-01-15,2025-01-13,paid,pad
PRM001207,P00020,C00131,638.40,monthly,65-74,2025-01-16,2025-01-14,paid,cheque
PRM001208,P00156,C00127,266.00,monthly,Under 35,2025-01-16,2025-01-15,paid,credit_card
PRM001209,P00008,C00145,105.00,quarterly,Under 35,2025-01-17,2025-01-14,paid,cheque
PRM001210,P00108,C00060,85.00,monthly,Under 35,2025-01-17,2025-01-17,paid,credit_card
PRM001211,P00141,C00092,229.42,quarterly,35-44,2025-01-17,2025-01-15,paid,cheque
PRM001212,P00142,C00091,161.50,monthly,Under 35,2025-01-17,2025-01-17,paid,pad
PRM001213,P00025,C00085,499.20,monthly,75+,2025-01-18,2025-01-18,paid,pad
PRM001214,P00035,C00050,84.00,monthly,65-74,2025-01-18,2025-01-17,paid,pad
PRM001215,P00154,C00123,374.40,monthly,75+,2025-01-18,2025-01-17,paid,cheque
PRM001216,P00045,C00103,131.10,monthly,35-44,2025-01-19,2025-01-18,paid,cheque
PRM001217,P00103,C00141,484.50,quarterly,Under 35,2025-01-19,2025-01-17,paid,cheque
PRM001218,P00098,C00089,192.00,monthly,75+,2025-01-20,2025-01-18,paid,credit_card
PRM001219,P00099,C00007,152.95,monthly,35-44,2025-01-20,2025-01-19,paid,cheque
PRM001220,P00076,C00021,262.20,monthly,35-44,2025-01-21,2025-01-19,paid,credit_card
PRM001221,P00042,C00129,478.80,monthly,55-64,2025-01-22,2025-01-21,paid,credit_card
PRM001222,P00086,C00109,374.40,monthly,75+,2025-01-22,2025-01-19,paid,cheque
PRM001223,P00090,C00012,216.00,monthly,55-64,2025-01-22,2025-01-21,paid,credit_card
PRM001224,P00162,C00070,798.00,quarterly,Under 35,2025-01-23,2025-01-22,paid,cheque
PRM001225,P00044,C00128,138.00,monthly,35-44,2025-01-25,2025-02-08,late,pad
PRM001226,P00119,C00094,108.00,monthly,55-64,2025-01-25,2025-01-25,paid,cheque
PRM001227,P00125,C00027,336.00,monthly,65-74,2025-01-25,2025-01-24,paid,credit_card
PRM001228,P00014,C00040,108.00,monthly,65-74,2025-01-26,2025-02-03,late,pad
PRM001229,P00043,C00060,91.00,monthly,Under 35,2025-01-26,2025-02-11,late,credit_card
PRM001230,P00073,C00111,210.60,monthly,55-64,2025-01-26,2025-01-23,paid,cheque
PRM001231,P00117,C00014,84.00,monthly,65-74,2025-01-26,2025-01-23,paid,pad
PRM001232,P00069,C00005,384.00,monthly,75+,2025-01-27,2025-01-27,paid,credit_card
PRM001233,P00092,C00126,45.00,monthly,Under 35,2025-01-27,2025-01-25,paid,cheque
PRM001234,P00096,C00008,63.00,monthly,55-64,2025-01-27,2025-01-25,paid,credit_card
PRM001235,P00148,C00002,384.00,monthly,75+,2025-01-27,2025-01-24,paid,cheque
PRM001236,P00046,C00149,364.00,monthly,Under 35,2025-01-28,,missed,
PRM001237,P00050,C00034,66.50,monthly,Under 35,2025-01-28,2025-01-28,paid,cheque
PRM001238,P00101,C00068,63.00,monthly,55-64,2025-01-28,2025-01-26,paid,pad
PRM001239,P00158,C00008,290.70,monthly,55-64,2025-01-28,2025-01-25,paid,pad
PRM001240,P00177,C00095,76.48,monthly,35-44,2025-01-28,2025-01-25,paid,credit_card
PRM001241,P00018,C00149,117.00,monthly,Under 35,2025-01-29,2025-02-13,late,pad
PRM001242,P00054,C00150,290.70,monthly,55-64,2025-01-29,2025-01-26,paid,cheque
PRM001243,P00077,C00147,91.00,monthly,Under 35,2025-01-29,2025-01-28,paid,pad
PRM001244,P00110,C00093,112.00,monthly,75+,2025-01-29,2025-01-27,paid,credit_card
PRM001245,P00153,C00095,209.30,monthly,35-44,2025-01-29,2025-02-16,late,pad
PRM001246,P00121,C00063,63.00,monthly,55-64,2025-01-30,2025-01-27,paid,credit_card
PRM001247,P00171,C00076,272.00,monthly,75+,2025-02-01,2025-01-31,paid,credit_card
PRM001248,P00013,C00034,161.50,monthly,Under 35,2025-02-02,2025-02-09,late,credit_card
PRM001249,P00015,C00059,272.00,monthly,75+,2025-02-02,2025-02-01,paid,credit_card
PRM001250,P00030,C00139,60.00,monthly,Under 35,2025-02-02,2025-01-31,paid,cheque
PRM001251,P00111,C00134,140.00,monthly,Under 35,2025-02-02,2025-02-02,paid,pad
PRM001252,P00126,C00089,272.00,monthly,75+,2025-02-02,2025-02-02,paid,cheque
PRM001253,P00027,C00025,84.00,monthly,65-74,2025-02-03,2025-01-31,paid,credit_card
PRM001254,P00037,C00102,45.00,monthly,Under 35,2025-02-03,2025-02-02,paid,credit_card
PRM001255,P00075,C00100,144.00,monthly,75+,2025-02-03,2025-02-03,paid,credit_card
PRM001256,P00087,C00023,76.48,monthly,35-44,2025-02-03,2025-02-02,paid,cheque
PRM001257,P00019,C00014,204.00,monthly,65-74,2025-02-04,2025-02-04,paid,credit_card
PRM001258,P00051,C00033,168.00,monthly,45-54,2025-02-04,,missed,
PRM001259,P00061,C00049,112.00,single,45-54,2025-02-04,2025-02-04,paid,cheque
PRM001260,P00072,C00070,91.00,monthly,Under 35,2025-02-04,2025-02-02,paid,pad
PRM001261,P00160,C00018,85.00,monthly,Under 35,2025-02-04,2025-02-03,paid,credit_card
PRM001262,P00081,C00066,218.40,monthly,45-54,2025-02-05,2025-02-03,paid,credit_card
PRM001263,P00164,C00084,499.20,monthly,75+,2025-02-05,2025-02-02,paid,credit_card
PRM001264,P00082,C00143,51.75,monthly,35-44,2025-02-06,2025-02-06,paid,credit_card
PRM001265,P00135,C00135,448.00,monthly,75+,2025-02-06,2025-02-05,paid,cheque
PRM001266,P00065,C00047,192.00,monthly,75+,2025-02-07,2025-02-07,paid,cheque
PRM001267,P00094,C00056,45.00,monthly,Under 35,2025-02-07,2025-02-05,paid,credit_card
PRM001268,P00133,C00097,530.40,monthly,65-74,2025-02-07,2025-02-07,paid,credit_card
PRM001269,P00136,C00102,45.00,monthly,Under 35,2025-02-07,2025-02-07,paid,cheque
PRM001270,P00104,C00100,112.00,monthly,75+,2025-02-08,2025-02-06,paid,credit_card
PRM001271,P00024,C00013,358.80,monthly,35-44,2025-02-09,2025-02-09,paid,pad
PRM001272,P00131,C00067,45.00,monthly,Under 35,2025-02-09,2025-02-27,late,cheque
PRM001273,P00147,C00057,35.00,monthly,Under 35,2025-02-09,,missed,
PRM001274,P00165,C00010,85.00,monthly,Under 35,2025-02-09,2025-02-07,paid,credit_card
PRM001275,P00009,C00037,756.00,quarterly,55-64,2025-02-10,2025-02-08,paid,credit_card
PRM001276,P00057,C00033,49.00,monthly,45-54,2025-02-10,2025-02-07,paid,cheque
PRM001277,P00112,C00122,85.00,monthly,Under 35,2025-02-11,2025-02-08,paid,credit_card
PRM001278,P00124,C00119,210.60,monthly,55-64,2025-02-11,2025-02-08,paid,credit_card
PRM001279,P00130,C00142,707.20,monthly,75+,2025-02-11,2025-02-09,paid,cheque
PRM001280,P00003,C00107,85.00,monthly,Under 35,2025-02-12,2025-02-11,paid,credit_card
PRM001281,P00122,C00118,112.00,monthly,75+,2025-02-12,2025-03-07,late,cheque
PRM001282,P00173,C00051,448.00,monthly,75+,2025-02-12,2025-02-10,paid,cheque
PRM001283,P00016,C00001,49.00,monthly,45-54,2025-02-13,,missed,
PRM001284,P00074,C00020,638.40,monthly,65-74,2025-02-13,2025-02-11,paid,cheque
PRM001285,P00132,C00108,49.00,monthly,45-54,2025-02-13,2025-02-13,paid,pad
PRM001286,P00138,C00105,196.00,monthly,45-54,2025-02-13,2025-02-22,late,cheque
PRM001287,P00140,C00123,112.00,monthly,75+,2025-02-13,2025-02-18,late,pad
PRM001288,P00179,C00083,448.00,monthly,75+,02/13/2025,2025-02-13,paid,pad
PRM001289,P00058,C00077,69.00,monthly,35-44,2025-02-14,2025-02-14,paid,credit_card
PRM001290,P00123,C00042,108.00,monthly,55-64,2025-02-14,2025-02-13,paid,credit_card
PRM001291,P00007,C00140,127.40,monthly,45-54,2025-02-15,2025-02-27,late,credit_card
PRM001292,P00118,C00146,530.40,monthly,65-74,2025-02-15,2025-02-12,paid,credit_card
PRM001293,P00137,C00064,397.80,monthly,55-64,2025-02-15,2025-02-12,paid,credit_card
PRM001294,P00176,C00081,120.75,quarterly,35-44,2025-02-15,2025-02-12,paid,cheque
PRM001295,P00020,C00131,638.40,monthly,65-74,2025-02-16,2025-02-15,paid,cheque
PRM001296,P00048,C00041,207.00,quarterly,35-44,2025-02-16,2025-02-16,paid,cheque
PRM001297,P00156,C00127,266.00,monthly,Under 35,2025-02-16,2025-02-16,paid,cheque
PRM001298,P00108,C00060,85.00,monthly,Under 35,2025-02-17,2025-02-16,paid,credit_card
PRM001299,P00142,C00091,161.50,monthly,Under 35,2025-02-17,2025-02-17,paid,credit_card
PRM001300,P00174,C00031,243.00,quarterly,55-64,2025-02-17,2025-02-15,paid,credit_card
PRM001301,P00025,C00085,499.20,monthly,75+,2025-02-18,2025-02-17,paid,pad
PRM001302,P00035,C00050,84.00,monthly,65-74,2025-02-18,2025-02-16,paid,credit_card
PRM001303,P00154,C00123,374.40,monthly,75+,2025-02-18,2025-02-17,paid,credit_card
PRM001304,P00045,C00103,131.10,monthly,35-44,2025-02-19,2025-02-18,paid,credit_card
PRM001305,P00149,C00011,678.30,quarterly,45-54,2025-02-19,2025-02-19,paid,cheque
PRM001306,P00098,C00089,192.00,monthly,75+,2025-02-20,2025-02-25,late,cheque
PRM001307,P00099,C00007,152.95,monthly,35-44,2025-02-20,2025-02-19,paid,credit_card
PRM001308,P00076,C00021,262.20,monthly,35-44,2025-02-21,2025-02-18,paid,credit_card
PRM001309,P00042,C00129,478.80,monthly,55-64,2025-02-22,2025-02-20,paid,cheque
PRM001310,P00086,C00109,374.40,monthly,75+,2025-02-22,2025-02-22,paid,credit_card
PRM001311,P00090,C00012,216.00,monthly,55-64,2025-02-22,2025-02-19,paid,cheque
PRM001312,P00029,C00044,189.00,quarterly,45-54,2025-02-24,2025-02-24,paid,cheque
PRM001313,P00044,C00128,138.00,monthly,35-44,2025-02-25,2025-02-24,paid,credit_card
PRM001314,P00119,C00094,108.00,monthly,55-64,2025-02-25,2025-02-23,paid,pad
PRM001315,P00125,C00027,336.00,monthly,65-74,2025-02-25,2025-03-16,late,cheque
PRM001316,P00014,C00040,108.00,monthly,65-74,2025-02-26,2025-02-24,paid,cheque
PRM001317,P00043,C00060,91.00,monthly,Under 35,2025-02-26,2025-02-25,paid,pad
PRM001318,P00073,C00111,210.60,monthly,55-64,2025-02-26,2025-03-04,late,cheque
PRM001319,P00097,C00068,461.70,quarterly,55-64,2025-02-26,2025-02-26,paid,pad
PRM001320,P00117,C00014,84.00,monthly,65-74,2025-02-26,2025-02-25,paid,cheque
PRM001321,P00069,C00005,384.00,monthly,75+,2025-02-27,2025-02-26,paid,credit_card
PRM001322,P00092,C00126,45.00,monthly,Under 35,2025-02-27,2025-03-07,late,pad
PRM001323,P00096,C00008,63.00,monthly,55-64,2025-02-27,2025-02-26,paid,credit_card
PRM001324,P00148,C00002,384.00,monthly,75+,2025-02-27,2025-02-25,paid,credit_card
PRM001325,P00018,C00149,117.00,monthly,Under 35,2025-02-28,2025-02-25,paid,credit_card
PRM001326,P00046,C00149,364.00,monthly,Under 35,2025-02-28,2025-02-26,paid,cheque
PRM001327,P00050,C00034,66.50,monthly,Under 35,2025-02-28,2025-02-25,paid,cheque
PRM001328,P00054,C00150,290.70,monthly,55-64,2025-02-28,2025-02-28,paid,pad
PRM001329,P00077,C00147,91.00,monthly,Under 35,2025-02-28,2025-02-25,paid,pad
PRM001330,P00101,C00068,63.00,monthly,55-64,2025-02-28,2025-02-28,paid,pad
PRM001331,P00110,C00093,112.00,monthly,75+,2025-02-28,2025-02-25,paid,pad
PRM001332,P00121,C00063,63.00,monthly,55-64,2025-02-28,2025-02-27,paid,cheque
PRM001333,P00153,C00095,209.30,monthly,35-44,2025-02-28,2025-02-25,paid,cheque
PRM001334,P00158,C00008,290.70,monthly,55-64,2025-02-28,2025-02-26,paid,cheque
PRM001335,P00177,C00095,76.48,monthly,35-44,2025-02-28,2025-02-25,paid,pad
PRM001336,P00171,C00076,272.00,monthly,75+,2025-03-01,2025-02-27,paid,pad
PRM001337,P00013,C00034,161.50,monthly,Under 35,2025-03-02,2025-02-27,paid,cheque
PRM001338,P00015,C00059,272.00,monthly,75+,2025-03-02,2025-02-28,paid,credit_card
PRM001339,P00030,C00139,60.00,monthly,Under 35,2025-03-02,2025-02-27,paid,credit_card
PRM001340,P00111,C00134,140.00,monthly,Under 35,2025-03-02,2025-03-02,paid,credit_card
PRM001341,P00126,C00089,272.00,monthly,75+,2025-03-02,2025-03-01,paid,cheque
PRM001342,P00027,C00025,84.00,monthly,65-74,2025-03-03,2025-03-20,late,pad
PRM001343,P00037,C00102,45.00,monthly,Under 35,2025-03-03,2025-03-03,paid,cheque
PRM001344,P00075,C00100,144.00,monthly,75+,2025-03-03,2025-03-03,paid,cheque
PRM001345,P00087,C00023,76.48,monthly,35-44,2025-03-03,2025-03-11,late,pad
PRM001346,P00019,C00014,204.00,monthly,65-74,2025-03-04,2025-03-01,paid,credit_card
PRM001347,P00051,C00033,168.00,monthly,45-54,2025-03-04,,missed,
PRM001348,P00072,C00070,91.00,monthly,Under 35,2025-03-04,2025-03-02,paid,cheque
PRM001349,P00088,C00100,1550.40,quarterly,75+,03/04/2025,2025-03-02,Paid ,cheque
PRM001350,P00160,C00018,85.00,monthly,Under 35,2025-03-04,2025-03-04,paid,credit_card
PRM001351,P00081,C00066,218.40,monthly,45-54,2025-03-05,2025-03-03,paid,pad
PRM001352,P00164,C00084,499.20,monthly,75+,2025-03-05,2025-03-04,paid,pad
PRM001353,P00082,C00143,51.75,monthly,35-44,2025-03-06,2025-03-03,paid,credit_card
PRM001354,P00135,C00135,448.00,monthly,75+,2025-03-06,,missed,
PRM001355,P00065,C00047,192.00,monthly,75+,2025-03-07,2025-03-07,paid,credit_card
PRM001356,P00094,C00056,45.00,monthly,Under 35,2025-03-07,2025-03-05,paid,cheque
PRM001357,P00133,C00097,530.40,monthly,65-74,2025-03-07,2025-03-07,paid,cheque
PRM001358,P00136,C00102,45.00,monthly,Under 35,2025-03-07,2025-03-05,paid,pad
PRM001359,P00104,C00100,112.00,monthly,75+,2025-03-08,2025-03-07,paid,cheque
PRM001360,P00024,C00013,358.80,monthly,35-44,2025-03-09,2025-03-07,paid,pad
PRM001361,P00089,C00099,189.00,quarterly,45-54,2025-03-09,2025-03-06,paid,credit_card
PRM001362,P00131,C00067,45.00,monthly,Under 35,2025-03-09,2025-03-07,paid,pad
PRM001363,P00147,C00057,35.00,monthly,Under 35,2025-03-09,,missed,
PRM001364,P00165,C00010,85.00,monthly,Under 35,2025-03-09,2025-03-08,paid,credit_card
PRM001365,P00057,C00033,49.00,monthly,45-54,2025-03-10,2025-03-09,paid,credit_card
PRM001366,P00175,C00024,180.00,quarterly,Under 35,2025-03-10,2025-03-08,paid,credit_card
PRM001367,P00112,C00122,85.00,monthly,Under 35,2025-03-11,2025-03-10,Paid ,credit_card
PRM001368,P00115,C00052,164.00,single,45-54,2025-03-11,2025-03-09,paid,cheque
PRM001369,P00124,C00119,210.60,monthly,55-64,2025-03-11,2025-03-10,paid,cheque
PRM001370,P00130,C00142,707.20,monthly,75+,2025-03-11,2025-03-23,late,pad
PRM001371,P00003,C00107,85.00,monthly,Under 35,2025-03-12,2025-03-09,paid,pad
PRM001372,P00122,C00118,112.00,monthly,75+,2025-03-12,,missed,
PRM001373,P00173,C00051,448.00,monthly,75+,2025-03-12,2025-03-19,late,cheque
PRM001374,P00016,C00001,49.00,monthly,45-54,2025-03-13,2025-04-06,late,cheque
PRM001375,P00066,C00064,842.40,quarterly,55-64,2025-03-13,2025-03-13,paid,cheque
PRM001376,P00074,C00020,638.40,monthly,65-74,2025-03-13,2025-03-11,paid,pad
PRM001377,P00080,C00042,615.60,quarterly,55-64,2025-03-13,2025-03-10,paid,cheque
PRM001378,P00132,C00108,49.00,monthly,45-54,2025-03-13,2025-03-11,paid,credit_card
PRM001379,P00138,C00105,196.00,monthly,45-54,2025-03-13,2025-03-12,paid,credit_card
PRM001380,P00140,C00123,112.00,monthly,75+,2025-03-13,2025-03-12,paid,pad
PRM001381,P00179,C00083,448.00,monthly,75+,2025-03-13,2025-03-13,paid,credit_card
PRM001382,P00058,C00077,69.00,monthly,35-44,2025-03-14,2025-03-14,paid,pad
PRM001383,P00123,C00042,108.00,monthly,55-64,2025-03-14,2025-04-02,late,pad
PRM001384,P00007,C00140,$127.40 CAD,monthly,45-54,2025-03-15,2025-03-12,paid,pad
PRM001385,P00107,C00099,491.40,quarterly,45-54,2025-03-15,2025-03-12,paid,cheque
PRM001386,P00118,C00146,530.40,monthly,65-74,2025-03-15,2025-03-12,paid,credit_card
PRM001387,P00137,C00064,397.80,monthly,55-64,2025-03-15,2025-03-14,paid,credit_card
PRM001388,P00020,C00131,638.40,monthly,65-74,2025-03-16,2025-03-15,paid,credit_card
PRM001389,P00156,C00127,266.00,monthly,Under 35,2025-03-16,2025-03-15,paid,cheque
PRM001390,P00108,C00060,85.00,monthly,Under 35,2025-03-17,2025-03-15,paid,cheque
PRM001391,P00142,C00091,161.50,monthly,Under 35,2025-03-17,2025-03-15,paid,credit_card
PRM001392,P00025,C00085,499.20,monthly,75+,2025-03-18,2025-03-15,paid,pad
PRM001393,P00035,C00050,84.00,monthly,65-74,2025-03-18,2025-03-16,paid,cheque
PRM001394,P00154,C00123,374.40,monthly,75+,2025-03-18,2025-03-15,paid,credit_card
PRM001395,P00172,C00137,842.40,quarterly,65-74,2025-03-18,2025-03-18,paid,cheque
PRM001396,P00045,C00103,131.10,monthly,35-44,2025-03-19,2025-03-16,paid,credit_card
PRM001397,P00001,C00151,384.00,monthly,75+,2025-03-20,2025-03-17,paid,credit_card
PRM001398,P00098,C00089,192.00,monthly,75+,2025-03-20,2025-03-17,paid,cheque
PRM001399,P00099,C00007,152.95,monthly,35-44,2025-03-20,2025-03-20,paid,credit_card
PRM001400,P00076,C00021,262.20,monthly,35-44,2025-03-21,2025-03-21,paid,pad
PRM001401,P00042,C00129,478.80,monthly,55-64,2025-03-22,,missed,
PRM001402,P00086,C00109,374.40,monthly,75+,2025-03-22,2025-03-19,paid,pad
PRM001403,P00090,C00012,216.00,monthly,55-64,2025-03-22,2025-03-22,paid,cheque
PRM001404,P00114,C00025,84.00,monthly,65-74,2025-03-23,2025-04-11,late,cheque
PRM001405,P00044,C00128,138.00,monthly,35-44,2025-03-25,2025-03-23,paid,cheque
PRM001406,P00119,C00094,108.00,monthly,55-64,2025-03-25,2025-03-23,paid,credit_card
PRM001407,P00125,C00027,336.00,monthly,65-74,2025-03-25,2025-03-22,paid,pad
PRM001408,P00014,C00040,108.00,monthly,65-74,2025-03-26,2025-03-26,paid,cheque
PRM001409,P00043,C00060,91.00,monthly,Under 35,2025-03-26,2025-03-26,paid,credit_card
PRM001410,P00073,C00111,210.60,monthly,55-64,2025-03-26,2025-03-30,late,pad
PRM001411,P00117,C00014,112.00,monthly,75+,2025-03-26,2025-03-23,paid,credit_card
PRM001412,P00069,C00005,384.00,monthly,75+,2025-03-27,2025-03-27,paid,credit_card
PRM001413,P00092,C00126,45.00,monthly,Under 35,2025-03-27,2025-04-03,late,credit_card
PRM001414,P00096,C00008,63.00,monthly,55-64,2025-03-27,2025-03-25,paid,credit_card
PRM001415,P00148,C00002,384.00,monthly,75+,2025-03-27,2025-03-27,paid,credit_card
PRM001416,P00018,C00149,117.00,monthly,Under 35,2025-03-28,2025-03-28,paid,cheque
PRM001417,P00046,C00149,364.00,monthly,Under 35,2025-03-28,,missed,
PRM001418,P00050,C00034,66.50,monthly,Under 35,2025-03-28,2025-03-25,paid,cheque
PRM001419,P00054,C00150,290.70,monthly,55-64,2025-03-28,2025-03-28,paid,credit_card
PRM001420,P00077,C00147,91.00,monthly,Under 35,2025-03-28,2025-03-25,paid,pad
PRM001421,P00101,C00068,63.00,monthly,55-64,2025-03-28,2025-03-26,paid,credit_card
PRM001422,P00110,C00093,112.00,monthly,75+,2025-03-28,2025-03-25,paid,cheque
PRM001423,P00121,C00063,63.00,monthly,55-64,2025-03-28,,missed,
PRM001424,P00153,C00095,209.30,monthly,35-44,2025-03-28,2025-03-25,paid,pad
PRM001425,P00158,C00008,290.70,monthly,55-64,2025-03-28,2025-03-27,paid,credit_card
PRM001426,P00177,C00095,76.48,monthly,35-44,2025-03-28,2025-03-27,paid,pad
PRM001427,P00053,C00104,1008.00,quarterly,65-74,2025-04-01,2025-04-01,paid,credit_card
PRM001428,P00171,C00076,272.00,monthly,75+,2025-04-01,2025-03-29,paid,cheque
PRM001429,P00013,C00034,161.50,monthly,Under 35,2025-04-02,2025-03-31,paid,pad
PRM001430,P00015,C00059,272.00,monthly,75+,2025-04-02,2025-03-31,paid,cheque
PRM001431,P00023,C00058,108.00,monthly,55-64,2025-04-02,2025-04-02,paid,cheque
PRM001432,P00030,C00139,60.00,monthly,Under 35,2025-04-02,2025-03-31,paid,cheque
PRM001433,P00111,C00134,140.00,monthly,Under 35,2025-04-02,2025-03-31,paid,credit_card
PRM001434,P00126,C00089,272.00,monthly,75+,2025-04-02,2025-04-01,paid,cheque
PRM001435,P00027,C00025,84.00,monthly,65-74,2025-04-03,2025-04-18,late,credit_card
PRM001436,P00037,C00102,45.00,monthly,Under 35,2025-04-03,2025-04-01,paid,credit_card
PRM001437,P00075,C00100,144.00,monthly,75+,2025-04-03,2025-04-03,paid,credit_card
PRM001438,P00083,C00115,576.00,quarterly,75+,2025-04-03,2025-04-03,paid,pad
PRM001439,P00087,C00023,76.48,monthly,35-44,2025-04-03,2025-04-02,paid,credit_card
PRM001440,P00019,C00014,272.00,monthly,75+,2025-04-04,2025-04-04,paid,credit_card
PRM001441,P00051,C00033,168.00,monthly,45-54,2025-04-04,2025-04-04,paid,pad
PRM001442,P00072,C00070,91.00,monthly,Under 35,2025-04-04,2025-04-04,paid,cheque
PRM001443,P00160,C00018,85.00,monthly,Under 35,2025-04-04,2025-04-03,paid,credit_card
PRM001444,P00022,C00006,144.00,monthly,65-74,2025-04-05,2025-04-05,paid,credit_card
PRM001445,P00081,C00066,218.40,monthly,45-54,2025-04-05,2025-04-05,paid,cheque
PRM001446,P00116,C00037,189.00,quarterly,55-64,2025-04-05,2025-04-05,paid,pad
PRM001447,P00164,C00084,499.20,monthly,75+,2025-04-05,2025-04-04,paid,cheque
PRM001448,P00002,C00152,2553.60,quarterly,75+,2025-04-06,2025-04-05,paid,credit_card
PRM001449,P00082,C00143,51.75,monthly,35-44,2025-04-06,2025-04-05,paid,pad
PRM001450,P00135,C00135,448.00,monthly,75+,2025-04-06,2025-04-06,paid,cheque
PRM001451,P00065,C00047,192.00,monthly,75+,2025-04-07,2025-04-07,paid,cheque
PRM001452,P00094,C00056,45.00,monthly,Under 35,2025-04-07,2025-04-04,paid,credit_card
PRM001453,P00133,C00097,530.40,monthly,65-74,2025-04-07,2025-04-07,paid,credit_card
PRM001454,P00136,C00102,45.00,monthly,Under 35,2025-04-07,2025-04-06,paid,cheque
PRM001455,P00062,C00096,255.00,quarterly,Under 35,2025-04-08,2025-04-05,paid,pad
PRM001456,P00104,C00100,112.00,monthly,75+,2025-04-08,2025-04-06,paid,credit_card
PRM001457,P00134,C00093,336.00,quarterly,75+,04/08/2025,2025-04-05,paid,credit_card
PRM001458,P00152,C00093,384.00,monthly,75+,2025-04-08,2025-04-07,paid,cheque
PRM001459,P00024,C00013,358.80,monthly,35-44,2025-04-09,2025-04-06,paid,credit_card
PRM001460,P00052,C00082,1344.00,quarterly,75+,2025-04-09,2025-04-09,paid,pad
PRM001461,P00131,C00067,45.00,monthly,Under 35,2025-04-09,2025-04-09,paid,cheque
PRM001462,P00146,C00110,972.00,yearly,55-64,2025-04-09,2025-04-09,paid,credit_card
PRM001463,P00147,C00057,35.00,monthly,Under 35,2025-04-09,2025-04-08,paid,pad
PRM001464,P00165,C00010,$85.00 CAD,monthly,Under 35,04/09/2025,2025-04-07,paid,cheque
PRM001465,P00057,C00033,49.00,monthly,45-54,2025-04-10,2025-04-22,late,pad
PRM001466,P00112,C00122,85.00,monthly,Under 35,2025-04-11,2025-04-11,paid,credit_card
PRM001467,P00124,C00119,210.60,monthly,55-64,2025-04-11,2025-04-08,paid,pad
PRM001468,P00130,C00142,707.20,monthly,75+,2025-04-11,2025-04-25,late,cheque
PRM001469,P00003,C00107,85.00,monthly,Under 35,2025-04-12,2025-04-10,paid,cheque
PRM001470,P00122,C00118,112.00,monthly,75+,2025-04-12,2025-05-17,late,cheque
PRM001471,P00173,C00051,448.00,monthly,75+,2025-04-12,2025-04-11,paid,pad
PRM001472,P00016,C00001,49.00,monthly,45-54,2025-04-13,2025-04-10,paid,pad
PRM001473,P00074,C00020,638.40,monthly,65-74,2025-04-13,2025-04-12,paid,cheque
PRM001474,P00091,C00090,917.70,quarterly,35-44,2025-04-13,2025-04-24,late,pad
PRM001475,P00132,C00108,49.00,monthly,45-54,2025-04-13,2025-04-11,paid,credit_card
PRM001476,P00138,C00105,196.00,monthly,45-54,2025-04-13,2025-04-27,late,credit_card
PRM001477,P00140,C00123,112.00,monthly,75+,2025-04-13,2025-04-11,paid,credit_card
PRM001478,P00179,C00083,448.00,monthly,75+,2025-04-13,2025-04-12,paid,credit_card
PRM001479,P00058,C00077,69.00,monthly,35-44,2025-04-14,2025-04-11,paid,credit_card
PRM001480,P00123,C00042,108.00,monthly,55-64,2025-04-14,2025-04-12,paid,pad
PRM001481,P00007,C00140,127.40,monthly,45-54,2025-04-15,2025-04-14,paid,credit_card
PRM001482,P00041,C00130,98.32,monthly,35-44,2025-04-15,2025-04-23,late,pad
PRM001483,P00118,C00146,530.40,monthly,65-74,2025-04-15,2025-04-13,paid,credit_card
PRM001484,P00137,C00064,397.80,monthly,55-64,2025-04-15,2025-04-12,paid,cheque
PRM001485,P00020,C00131,638.40,monthly,65-74,2025-04-16,2025-05-03,late,cheque
PRM001486,P00156,C00127,266.00,monthly,Under 35,2025-04-16,2025-04-14,paid,credit_card
PRM001487,P00008,C00145,105.00,quarterly,Under 35,2025-04-17,2025-04-16,paid,pad
PRM001488,P00108,C00060,85.00,monthly,Under 35,2025-04-17,2025-04-14,paid,cheque
PRM001489,P00141,C00092,229.42,quarterly,35-44,2025-04-17,2025-04-14,paid,pad
PRM001490,P00142,C00091,161.50,monthly,Under 35,2025-04-17,2025-04-16,paid,cheque
PRM001491,P00025,C00085,499.20,monthly,75+,2025-04-18,2025-04-17,paid,cheque
PRM001492,P00035,C00050,84.00,monthly,65-74,2025-04-18,2025-04-15,paid,credit_card
PRM001493,P00154,C00123,374.40,monthly,75+,2025-04-18,2025-04-18,paid,cheque
PRM001494,P00045,C00103,131.10,monthly,35-44,2025-04-19,2025-05-06,late,credit_card
PRM001495,P00103,C00141,484.50,quarterly,Under 35,2025-04-19,2025-04-18,paid,cheque
PRM001496,P00001,C00151,384.00,monthly,75+,2025-04-20,2025-04-19,paid,cheque
PRM001497,P00098,C00089,192.00,monthly,75+,2025-04-20,2025-04-20,paid,credit_card
PRM001498,P00099,C00007,152.95,monthly,35-44,2025-04-20,2025-04-17,paid,cheque
PRM001499,P00076,C00021,262.20,monthly,35-44,2025-04-21,2025-04-21,paid,pad
PRM001500,P00042,C00129,478.80,monthly,55-64,2025-04-22,2025-04-19,paid,credit_card
PRM001501,P00086,C00109,374.40,monthly,75+,2025-04-22,2025-04-22,paid,credit_card
PRM001502,P00090,C00012,216.00,monthly,55-64,2025-04-22,2025-04-22,paid,credit_card
PRM001503,P00114,C00025,84.00,monthly,65-74,2025-04-23,2025-04-23,paid,cheque
PRM001504,P00151,C00091,364.00,monthly,Under 35,2025-04-23,2025-04-22,paid,credit_card
PRM001505,P00162,C00070,798.00,quarterly,Under 35,2025-04-23,2025-04-21,paid,credit_card
PRM001506,P00044,C00128,138.00,monthly,35-44,2025-04-25,2025-04-25,paid,pad
PRM001507,P00119,C00094,108.00,monthly,55-64,2025-04-25,2025-04-22,paid,pad
PRM001508,P00125,C00027,336.00,monthly,65-74,2025-04-25,2025-04-22,paid,credit_card
PRM001509,P00014,C00040,108.00,monthly,65-74,2025-04-26,2025-04-25,paid,credit_card
PRM001510,P00043,C00060,91.00,monthly,Under 35,2025-04-26,2025-04-26,paid,pad
PRM001511,P00073,C00111,210.60,monthly,55-64,2025-04-26,2025-04-25,paid,cheque
PRM001512,P00117,C00014,112.00,monthly,75+,2025-04-26,2025-04-25,paid,cheque
PRM001513,P00069,C00005,384.00,monthly,75+,2025-04-27,2025-04-27,paid,pad
PRM001514,P00092,C00126,45.00,monthly,Under 35,2025-04-27,2025-04-26,paid,credit_card
PRM001515,P00096,C00008,63.00,monthly,55-64,2025-04-27,2025-04-26,paid,credit_card
PRM001516,P00148,C00002,384.00,monthly,75+,2025-04-27,2025-04-25,paid,credit_card
PRM001517,P00018,C00149,117.00,monthly,Under 35,2025-04-28,2025-04-27,paid,pad
PRM001518,P00046,C00149,364.00,monthly,Under 35,2025-04-28,,missed,
PRM001519,P00050,C00034,66.50,monthly,Under 35,2025-04-28,2025-05-06,late,pad
PRM001520,P00054,C00150,290.70,monthly,55-64,2025-04-28,2025-04-27,paid,pad
PRM001521,P00077,C00147,91.00,monthly,Under 35,2025-04-28,2025-04-26,paid,credit_card
PRM001522,P00101,C00068,63.00,monthly,55-64,2025-04-28,2025-04-28,paid,pad
PRM001523,P00110,C00093,112.00,monthly,75+,2025-04-28,2025-04-26,paid,credit_card
PRM001524,P00121,C00063,63.00,monthly,55-64,2025-04-28,2025-04-27,paid,pad
PRM001525,P00158,C00008,290.70,monthly,55-64,2025-04-28,2025-04-25,paid,pad
PRM001526,P00177,C00095,76.48,monthly,35-44,2025-04-28,2025-04-27,paid,cheque
PRM001527,P00171,C00076,272.00,monthly,75+,2025-05-01,2025-04-29,paid,pad
PRM001528,P00013,C00034,161.50,monthly,Under 35,2025-05-02,2025-04-30,paid,pad
PRM001529,P00015,C00059,272.00,monthly,75+,2025-05-02,2025-05-01,paid,pad
PRM001530,P00023,C00058,108.00,monthly,55-64,2025-05-02,2025-05-01,paid,cheque
PRM001531,P00030,C00139,60.00,monthly,Under 35,2025-05-02,2025-04-30,paid,credit_card
PRM001532,P00111,C00134,140.00,monthly,Under 35,2025-05-02,2025-05-02,paid,credit_card
PRM001533,P00126,C00089,272.00,monthly,75+,2025-05-02,2025-04-30,paid,credit_card
PRM001534,P00161,C00055,2652.00,yearly,Under 35,2025-05-02,2025-05-01,paid,cheque
PRM001535,P00027,C00025,84.00,monthly,65-74,2025-05-03,2025-04-30,paid,pad
PRM001536,P00037,C00102,45.00,monthly,Under 35,2025-05-03,2025-05-01,paid,pad
PRM001537,P00075,C00100,144.00,monthly,75+,2025-05-03,2025-05-01,paid,credit_card
PRM001538,P00087,C00023,76.48,monthly,35-44,2025-05-03,2025-05-02,paid,pad
PRM001539,P00019,C00014,272.00,monthly,75+,2025-05-04,2025-05-02,paid,pad
PRM001540,P00051,C00033,168.00,monthly,45-54,2025-05-04,2025-05-02,paid,credit_card
PRM001541,P00072,C00070,91.00,monthly,Under 35,2025-05-04,2025-05-04,paid,cheque
PRM001542,P00160,C00018,85.00,monthly,Under 35,2025-05-04,2025-05-03,paid,credit_card
PRM001543,P00022,C00006,144.00,monthly,65-74,2025-05-05,2025-05-02,paid,pad
PRM001544,P00081,C00066,218.40,monthly,45-54,2025-05-05,2025-05-04,paid,credit_card
PRM001545,P00164,C00084,499.20,monthly,75+,2025-05-05,2025-05-02,paid,pad
PRM001546,P00082,C00143,51.75,monthly,35-44,2025-05-06,2025-05-04,paid,credit_card
PRM001547,P00135,C00135,448.00,monthly,75+,05/06/2025,2025-05-03,paid,pad
PRM001548,P00065,C00047,192.00,monthly,75+,2025-05-07,2025-05-04,paid,cheque
PRM001549,P00094,C00056,45.00,monthly,Under 35,2025-05-07,2025-05-06,paid,credit_card
PRM001550,P00133,C00097,530.40,monthly,65-74,2025-05-07,2025-05-07,paid,cheque
PRM001551,P00136,C00102,45.00,monthly,Under 35,2025-05-07,2025-05-04,paid,cheque
PRM001552,P00104,C00100,112.00,monthly,75+,2025-05-08,2025-05-08,paid,pad
PRM001553,P00152,C00093,384.00,monthly,75+,2025-05-08,2025-05-08,paid,credit_card
PRM001554,P00024,C00013,358.80,monthly,35-44,2025-05-09,2025-05-09,paid,pad
PRM001555,P00131,C00067,45.00,monthly,Under 35,2025-05-09,2025-05-06,paid,cheque
PRM001556,P00147,C00057,35.00,monthly,Under 35,2025-05-09,,missed,
PRM001557,P00165,C00010,85.00,monthly,Under 35,2025-05-09,2025-05-07,paid,pad
PRM001558,P00180,C00028,372.40,monthly,45-54,2025-05-09,2025-05-08,paid,pad
PRM001559,P00009,C00037,756.00,quarterly,55-64,2025-05-10,2025-05-09,paid,pad
PRM001560,P00057,C00033,49.00,monthly,45-54,2025-05-10,2025-05-09,paid,cheque
PRM001561,P00112,C00122,85.00,monthly,Under 35,2025-05-11,2025-05-08,paid,credit_card
PRM001562,P00124,C00119,210.60,monthly,55-64,2025-05-11,2025-05-10,paid,credit_card
PRM001563,P00130,C00142,707.20,monthly,75+,2025-05-11,2025-05-10,paid,cheque
PRM001564,P00003,C00107,85.00,monthly,Under 35,2025-05-12,2025-05-12,paid,credit_card
PRM001565,P00122,C00118,112.00,monthly,75+,2025-05-12,,missed,
PRM001566,P00173,C00051,448.00,monthly,75+,2025-05-12,2025-05-09,paid,cheque
PRM001567,P00016,C00001,49.00,monthly,45-54,2025-05-13,,missed,
PRM001568,P00074,C00020,638.40,monthly,65-74,2025-05-13,2025-05-11,paid,cheque
PRM001569,P00132,C00108,49.00,monthly,45-54,2025-05-13,2025-05-12,paid,pad
PRM001570,P00138,C00105,196.00,monthly,45-54,2025-05-13,2025-05-25,late,pad
PRM001571,P00140,C00123,112.00,monthly,75+,2025-05-13,2025-05-10,paid,cheque
PRM001572,P00179,C00083,448.00,monthly,75+,2025-05-13,2025-05-10,paid,pad
PRM001573,P00058,C00077,69.00,monthly,35-44,2025-05-14,2025-05-13,paid,pad
PRM001574,P00123,C00042,108.00,monthly,55-64,2025-05-14,2025-05-12,paid,credit_card
PRM001575,P00007,C00140,127.40,monthly,45-54,2025-05-15,2025-05-12,paid,credit_card
PRM001576,P00041,C00130,98.32,monthly,35-44,05/15/2025,2025-05-13,paid,cheque
PRM001577,P00118,C00146,530.40,monthly,65-74,2025-05-15,2025-05-15,paid,credit_card
PRM001578,P00137,C00064,397.80,monthly,55-64,2025-05-15,2025-05-15,paid,pad
PRM001579,P00176,C00081,120.75,quarterly,35-44,2025-05-15,2025-05-12,paid,credit_card
PRM001580,P00020,C00131,638.40,monthly,65-74,2025-05-16,2025-05-13,paid,pad
PRM001581,P00048,C00041,207.00,quarterly,35-44,2025-05-16,2025-05-13,paid,credit_card
PRM001582,P00156,C00127,266.00,monthly,Under 35,2025-05-16,2025-05-15,paid,cheque
PRM001583,P00108,C00060,85.00,monthly,Under 35,2025-05-17,2025-05-14,paid,pad
PRM001584,P00142,C00091,161.50,monthly,Under 35,2025-05-17,2025-05-15,paid,cheque
PRM001585,P00174,C00031,243.00,quarterly,55-64,2025-05-17,2025-05-15,paid,credit_card
PRM001586,P00025,C00085,499.20,monthly,75+,2025-05-18,2025-05-16,paid,cheque
PRM001587,P00035,C00050,84.00,monthly,65-74,2025-05-18,2025-05-15,paid,credit_card
PRM001588,P00154,C00123,374.40,monthly,75+,2025-05-18,2025-05-15,paid,pad
PRM001589,P00045,C00103,131.10,monthly,35-44,2025-05-19,2025-05-18,paid,cheque
PRM001590,P00149,C00011,678.30,quarterly,45-54,2025-05-19,2025-05-19,paid,cheque
PRM001591,P00001,C00151,$384.00 CAD,monthly,75+,2025-05-20,2025-05-19,paid,pad
PRM001592,P00098,C00089,192.00,monthly,75+,2025-05-20,2025-05-19,paid,credit_card
PRM001593,P00099,C00007,152.95,monthly,35-44,2025-05-20,2025-05-20,paid,cheque
PRM001594,P00076,C00021,262.20,monthly,35-44,2025-05-21,2025-05-19,paid,credit_card
PRM001595,P00042,C00129,478.80,monthly,55-64,2025-05-22,2025-05-20,paid,cheque
PRM001596,P00086,C00109,374.40,monthly,75+,2025-05-22,2025-05-29,late,cheque
PRM001597,P00090,C00012,216.00,monthly,55-64,2025-05-22,2025-05-20,paid,credit_card
PRM001598,P00114,C00025,84.00,monthly,65-74,2025-05-23,2025-05-21,paid,cheque
PRM001599,P00151,C00091,364.00,monthly,Under 35,2025-05-23,2025-05-20,paid,cheque
PRM001600,P00029,C00044,189.00,quarterly,45-54,2025-05-24,2025-05-22,paid,credit_card
PRM001601,P00044,C00128,138.00,monthly,35-44,2025-05-25,2025-05-23,paid,pad
PRM001602,P00119,C00094,108.00,monthly,55-64,2025-05-25,2025-05-22,paid,credit_card
PRM001603,P00125,C00027,336.00,monthly,65-74,2025-05-25,2025-05-24,paid,pad
PRM001604,P00159,C00004,254.15,monthly,35-44,2025-05-25,2025-05-24,paid,pad
PRM001605,P00014,C00040,108.00,monthly,65-74,2025-05-26,2025-05-24,paid,cheque
PRM001606,P00043,C00060,91.00,monthly,Under 35,2025-05-26,2025-05-25,paid,pad
PRM001607,P00073,C00111,210.60,monthly,55-64,2025-05-26,2025-06-03,late,cheque
PRM001608,P00097,C00068,461.70,quarterly,55-64,2025-05-26,2025-05-23,paid,pad
PRM001609,P00117,C00014,112.00,monthly,75+,2025-05-26,2025-05-26,paid,pad
PRM001610,P00069,C00005,384.00,monthly,75+,2025-05-27,2025-05-27,paid,cheque
PRM001611,P00092,C00126,45.00,monthly,Under 35,2025-05-27,2025-05-27,paid,pad
PRM001612,P00096,C00008,63.00,monthly,55-64,2025-05-27,2025-05-24,paid,credit_card
PRM001613,P00148,C00002,384.00,monthly,75+,2025-05-27,2025-05-27,paid,cheque
PRM001614,P00018,C00149,117.00,monthly,Under 35,2025-05-28,2025-06-16,late,cheque
PRM001615,P00046,C00149,364.00,monthly,Under 35,2025-05-28,2025-05-27,paid,cheque
PRM001616,P00050,C00034,66.50,monthly,Under 35,2025-05-28,2025-05-28,paid,pad
PRM001617,P00054,C00150,290.70,monthly,55-64,2025-05-28,2025-05-26,paid,pad
PRM001618,P00077,C00147,91.00,monthly,Under 35,2025-05-28,2025-05-26,paid,credit_card
PRM001619,P00101,C00068,63.00,monthly,55-64,2025-05-28,2025-05-25,paid,credit_card
PRM001620,P00110,C00093,112.00,monthly,75+,2025-05-28,2025-05-26,paid,cheque
PRM001621,P00121,C00063,63.00,monthly,55-64,2025-05-28,2025-07-01,late,credit_card
PRM001622,P00158,C00008,290.70,monthly,55-64,2025-05-28,2025-05-27,paid,credit_card
PRM001623,P00177,C00095,76.48,monthly,35-44,2025-05-28,2025-05-28,paid,cheque
PRM001624,P00171,C00076,272.00,monthly,75+,2025-06-01,2025-05-30,paid,cheque
PRM001625,P00006,C00069,2228.70,yearly,35-44,2025-06-02,2025-06-01,paid,cheque
PRM001626,P00013,C00034,161.50,monthly,Under 35,2025-06-02,2025-06-01,paid,pad
PRM001627,P00015,C00059,272.00,monthly,75+,2025-06-02,2025-06-02,paid,credit_card
PRM001628,P00023,C00058,108.00,monthly,55-64,2025-06-02,2025-06-02,paid,cheque
PRM001629,P00030,C00139,60.00,monthly,Under 35,2025-06-02,2025-05-31,paid,cheque
PRM001630,P00111,C00134,140.00,monthly,Under 35,2025-06-02,2025-05-30,paid,cheque
PRM001631,P00126,C00089,272.00,monthly,75+,2025-06-02,2025-06-02,paid,pad
PRM001632,P00027,C00025,84.00,monthly,65-74,2025-06-03,2025-06-01,paid,pad
PRM001633,P00037,C00102,45.00,monthly,Under 35,2025-06-03,2025-05-31,paid,cheque
PRM001634,P00075,C00100,144.00,monthly,75+,2025-06-03,2025-06-01,paid,credit_card
PRM001635,P00087,C00023,76.48,monthly,35-44,2025-06-03,2025-06-02,paid,credit_card
PRM001636,P00017,C00068,7862.40,yearly,55-64,2025-06-04,2025-06-02,paid,credit_card
PRM001637,P00019,C00014,272.00,monthly,75+,2025-06-04,2025-06-03,paid,pad
PRM001638,P00051,C00033,168.00,monthly,45-54,2025-06-04,2025-06-04,paid,cheque
PRM001639,P00072,C00070,91.00,monthly,Under 35,2025-06-04,2025-06-02,paid,credit_card
PRM001640,P00088,C00100,1550.40,quarterly,75+,2025-06-04,2025-06-02,paid,credit_card
PRM001641,P00160,C00018,85.00,monthly,Under 35,2025-06-04,2025-06-04,paid,pad
PRM001642,P00022,C00006,144.00,monthly,65-74,2025-06-05,2025-06-05,paid,credit_card
PRM001643,P00081,C00066,218.40,monthly,45-54,2025-06-05,2025-06-02,paid,cheque
PRM001644,P00164,C00084,499.20,monthly,75+,2025-06-05,2025-06-04,paid,pad
PRM001645,P00082,C00143,51.75,monthly,35-44,2025-06-06,2025-06-05,paid,cheque
PRM001646,P00135,C00135,448.00,monthly,75+,2025-06-06,2025-06-06,paid,cheque
PRM001647,P00065,C00047,192.00,monthly,75+,2025-06-07,2025-06-06,paid,cheque
PRM001648,P00094,C00056,45.00,monthly,Under 35,2025-06-07,2025-06-07,paid,cheque
PRM001649,P00133,C00097,530.40,monthly,65-74,2025-06-07,2025-06-04,paid,credit_card
PRM001650,P00136,C00102,45.00,monthly,Under 35,2025-06-07,2025-06-06,paid,cheque
PRM001651,P00104,C00100,112.00,monthly,75+,2025-06-08,2025-06-05,paid,pad
PRM001652,P00106,C00045,185.72,monthly,35-44,2025-06-08,2025-06-05,paid,pad
PRM001653,P00152,C00093,384.00,monthly,75+,2025-06-08,2025-06-06,paid,cheque
PRM001654,P00024,C00013,358.80,monthly,35-44,2025-06-09,2025-06-07,paid,credit_card
PRM001655,p00089 ,C00099,189.00,quarterly,45-54,06/09/2025,2025-06-09,paid,credit_card
PRM001656,P00131,C00067,45.00,monthly,Under 35,2025-06-09,2025-06-20,late,cheque
PRM001657,P00147,C00057,35.00,monthly,Under 35,2025-06-09,2025-06-08,paid,cheque
PRM001658,P00165,C00010,85.00,monthly,Under 35,2025-06-09,2025-06-07,paid,credit_card
PRM001659,P00180,C00028,372.40,monthly,45-54,2025-06-09,2025-06-07,paid,pad
PRM001660,P00057,C00033,49.00,monthly,45-54,2025-06-10,,missed,
PRM001661,P00175,C00024,180.00,quarterly,Under 35,2025-06-10,2025-06-09,paid,cheque
PRM001662,P00112,C00122,85.00,monthly,Under 35,2025-06-11,2025-06-10,paid,cheque
PRM001663,P00124,C00119,210.60,monthly,55-64,2025-06-11,2025-06-08,paid,pad
PRM001664,P00130,C00142,707.20,monthly,75+,2025-06-11,2025-06-10,paid,pad
PRM001665,P00003,C00107,85.00,monthly,Under 35,2025-06-12,2025-06-10,paid,credit_card
PRM001666,P00079,C00116,420.00,yearly,Under 35,2025-06-12,2025-06-11,paid,credit_card
PRM001667,P00122,C00118,112.00,monthly,75+,2025-06-12,2025-06-11,paid,credit_card
PRM001668,P00173,C00051,448.00,monthly,75+,2025-06-12,2025-06-09,paid,pad
PRM001669,P00016,C00001,49.00,monthly,45-54,2025-06-13,2025-06-12,paid,pad
PRM001670,P00066,C00064,842.40,quarterly,55-64,2025-06-13,2025-06-13,paid,cheque
PRM001671,P00074,C00020,638.40,monthly,65-74,2025-06-13,2025-06-11,paid,cheque
PRM001672,P00080,C00042,615.60,quarterly,55-64,2025-06-13,2025-06-13,paid,credit_card
PRM001673,P00132,C00108,49.00,monthly,45-54,2025-06-13,2025-06-13,paid,credit_card
PRM001674,P00138,C00105,196.00,monthly,45-54,2025-06-13,2025-06-11,paid,cheque
PRM001675,P00140,C00123,112.00,monthly,75+,2025-06-13,2025-06-12,paid,pad
PRM001676,P00179,C00083,448.00,monthly,75+,2025-06-13,2025-06-13,paid,credit_card
PRM001677,P00058,C00077,69.00,monthly,35-44,2025-06-14,2025-06-11,paid,pad
PRM001678,P00123,C00042,108.00,monthly,55-64,2025-06-14,2025-06-13,paid,pad
PRM001679,P00007,C00140,127.40,monthly,45-54,2025-06-15,2025-06-24,late,credit_card
PRM001680,P00041,C00130,98.32,monthly,35-44,2025-06-15,2025-06-14,paid,credit_card
PRM001681,P00107,C00099,491.40,quarterly,45-54,2025-06-15,2025-06-15,paid,pad
PRM001682,P00118,C00146,530.40,monthly,65-74,2025-06-15,2025-06-14,paid,credit_card
PRM001683,P00137,C00064,397.80,monthly,55-64,2025-06-15,2025-06-15,paid,cheque
PRM001684,P00020,C00131,638.40,monthly,65-74,2025-06-16,2025-06-15,paid,pad
PRM001685,P00156,C00127,266.00,monthly,Under 35,2025-06-16,2025-06-16,paid,credit_card
PRM001686,P00108,C00060,85.00,monthly,Under 35,2025-06-17,2025-06-15,paid,pad
PRM001687,P00142,C00091,161.50,monthly,Under 35,2025-06-17,2025-06-15,paid,credit_card
PRM001688,P00025,C00085,499.20,monthly,75+,2025-06-18,2025-06-18,paid,pad
PRM001689,P00035,C00050,84.00,monthly,65-74,2025-06-18,2025-06-16,paid,cheque
PRM001690,P00154,C00123,374.40,monthly,75+,2025-06-18,2025-06-18,paid,credit_card
PRM001691,P00172,C00137,842.40,quarterly,65-74,2025-06-18,2025-06-16,paid,pad
PRM001692,P00045,C00103,131.10,monthly,35-44,2025-06-19,2025-06-18,paid,pad
PRM001693,P00001,C00151,384.00,monthly,75+,2025-06-20,2025-06-18,paid,cheque
PRM001694,P00098,C00089,192.00,monthly,75+,2025-06-20,2025-06-18,paid,credit_card
PRM001695,P00099,C00007,152.95,monthly,35-44,2025-06-20,2025-06-19,paid,credit_card
PRM001696,P00076,C00021,262.20,monthly,35-44,2025-06-21,2025-06-19,paid,cheque
PRM001697,P00042,C00129,478.80,monthly,55-64,2025-06-22,2025-06-20,paid,credit_card
PRM001698,P00086,C00109,374.40,monthly,75+,2025-06-22,2025-06-22,paid,credit_card
PRM001699,P00090,C00012,216.00,monthly,55-64,2025-06-22,2025-06-20,paid,credit_card
PRM001700,P00114,C00025,84.00,monthly,65-74,2025-06-23,2025-06-21,paid,pad
PRM001701,P00151,C00091,364.00,monthly,Under 35,2025-06-23,2025-06-23,paid,cheque
PRM001702,P00044,C00128,138.00,monthly,35-44,2025-06-25,2025-06-25,paid,pad
PRM001703,p00119 ,C00094,108.00,monthly,55-64,2025-06-25,2025-06-22,paid,credit_card
PRM001704,P00125,C00027,336.00,monthly,65-74,2025-06-25,2025-06-23,paid,credit_card
PRM001705,P00159,C00004,254.15,monthly,35-44,2025-06-25,2025-06-24,paid,credit_card
PRM001706,P00014,C00040,108.00,monthly,65-74,2025-06-26,2025-06-26,paid,cheque
PRM001707,P00043,C00060,91.00,monthly,Under 35,2025-06-26,2025-06-23,paid,credit_card
PRM001708,P00073,C00111,210.60,monthly,55-64,2025-06-26,2025-06-23,paid,cheque
PRM001709,P00117,C00014,112.00,monthly,75+,2025-06-26,2025-06-25,paid,credit_card
PRM001710,P00069,C00005,384.00,monthly,75+,2025-06-27,2025-07-08,late,pad
PRM001711,P00092,C00126,45.00,monthly,Under 35,2025-06-27,2025-06-25,paid,pad
PRM001712,P00096,C00008,63.00,monthly,55-64,2025-06-27,2025-06-25,paid,pad
PRM001713,P00148,C00002,384.00,monthly,75+,2025-06-27,2025-06-24,paid,pad
PRM001714,P00018,C00149,117.00,monthly,Under 35,2025-06-28,2025-06-26,paid,credit_card
PRM001715,P00046,C00149,364.00,monthly,Under 35,2025-06-28,2025-06-25,paid,cheque
PRM001716,P00050,C00034,66.50,monthly,Under 35,2025-06-28,2025-06-25,paid,pad
PRM001717,P00054,C00150,290.70,monthly,55-64,2025-06-28,2025-06-28,paid,cheque
PRM001718,P00077,C00147,91.00,monthly,Under 35,2025-06-28,2025-06-28,paid,cheque
PRM001719,P00101,C00068,63.00,monthly,55-64,2025-06-28,2025-06-28,paid,pad
PRM001720,P00110,C00093,112.00,monthly,75+,2025-06-28,2025-06-25,paid,credit_card
PRM001721,P00121,C00063,63.00,monthly,55-64,2025-06-28,2025-06-26,paid,cheque
PRM001722,P00158,C00008,290.70,monthly,55-64,2025-06-28,2025-06-26,paid,pad
PRM001723,P00177,C00095,76.48,monthly,35-44,2025-06-28,2025-06-25,paid,cheque
PRM001724,P00026,C00058,410.40,monthly,55-64,2025-06-29,2025-06-26,paid,credit_card
PRM001725,P00095,C00085,851.20,monthly,75+,2025-06-30,2025-06-30,paid,cheque
PRM001726,P00053,C00104,1008.00,quarterly,65-74,2025-07-01,2025-07-01,paid,cheque
PRM001727,P00171,C00076,272.00,monthly,75+,2025-07-01,2025-06-29,paid,pad
PRM001728,P00013,C00034,161.50,monthly,Under 35,2025-07-02,2025-07-22,late,pad
PRM001729,P00015,C00059,272.00,monthly,75+,2025-07-02,2025-07-01,paid,pad
PRM001730,p00023 ,C00058,108.00,monthly,55-64,07/02/2025,2025-06-30,paid,pad
PRM001731,P00030,C00139,60.00,monthly,Under 35,2025-07-02,2025-06-30,paid,cheque
PRM001732,P00111,C00134,140.00,monthly,Under 35,2025-07-02,2025-06-30,paid,credit_card
PRM001733,P00126,C00089,272.00,monthly,75+,2025-07-02,2025-06-29,paid,pad
PRM001734,P00027,C00025,84.00,monthly,65-74,2025-07-03,2025-07-02,paid,cheque
PRM001735,P00037,C00102,45.00,monthly,Under 35,2025-07-03,2025-06-30,paid,credit_card
PRM001736,P00075,C00100,144.00,monthly,75+,2025-07-03,2025-07-02,paid,pad
PRM001737,P00083,C00115,576.00,quarterly,75+,2025-07-03,2025-07-03,paid,credit_card
PRM001738,P00087,C00023,76.48,monthly,35-44,2025-07-03,2025-07-03,paid,pad
PRM001739,P00019,C00014,272.00,monthly,75+,2025-07-04,2025-07-03,paid,cheque
PRM001740,P00051,C00033,168.00,monthly,45-54,2025-07-04,2025-07-03,paid,pad
PRM001741,P00072,C00070,91.00,monthly,Under 35,2025-07-04,2025-07-02,paid,pad
PRM001742,P00127,C00041,51.75,monthly,35-44,2025-07-04,2025-07-02,paid,credit_card
PRM001743,P00160,C00018,85.00,monthly,Under 35,2025-07-04,2025-07-03,paid,pad
PRM001744,P00022,C00006,144.00,monthly,65-74,2025-07-05,2025-07-04,paid,pad
PRM001745,P00081,C00066,218.40,monthly,45-54,2025-07-05,2025-07-12,late,pad
PRM001746,P00093,C00023,134.55,monthly,35-44,2025-07-05,2025-07-05,paid,credit_card
PRM001747,P00116,C00037,189.00,quarterly,55-64,2025-07-05,2025-07-02,paid,cheque
PRM001748,P00164,C00084,499.20,monthly,75+,2025-07-05,2025-07-05,paid,credit_card
PRM001749,P00002,C00152,2553.60,quarterly,75+,2025-07-06,2025-07-06,paid,credit_card
PRM001750,P00082,C00143,51.75,monthly,35-44,2025-07-06,2025-07-06,paid,cheque
PRM001751,P00135,C00135,448.00,monthly,75+,2025-07-06,2025-07-05,paid,pad
PRM001752,P00065,C00047,192.00,monthly,75+,2025-07-07,2025-07-05,paid,pad
PRM001753,P00094,C00056,45.00,monthly,Under 35,2025-07-07,2025-07-07,paid,pad
PRM001754,P00133,C00097,530.40,monthly,65-74,2025-07-07,2025-07-07,paid,pad
PRM001755,P00136,C00102,45.00,monthly,Under 35,2025-07-07,2025-07-04,paid,cheque
PRM001756,P00036,C00122,199.50,quarterly,Under 35,2025-07-08,2025-07-08,paid,pad
PRM001757,P00062,C00096,255.00,quarterly,Under 35,2025-07-08,2025-07-05,paid,credit_card
PRM001758,P00104,C00100,112.00,monthly,75+,2025-07-08,2025-07-07,paid,pad
PRM001759,P00106,C00045,185.72,monthly,35-44,2025-07-08,2025-07-06,paid,cheque
PRM001760,P00134,C00093,336.00,quarterly,75+,2025-07-08,2025-07-08,paid,cheque
PRM001761,P00152,C00093,384.00,monthly,75+,2025-07-08,2025-07-07,paid,pad
PRM001762,P00024,C00013,358.80,monthly,35-44,2025-07-09,2025-07-08,paid,cheque
PRM001763,P00052,C00082,1344.00,quarterly,75+,2025-07-09,2025-07-08,paid,cheque
PRM001764,P00067,C00064,459.00,quarterly,55-64,2025-07-09,2025-07-06,paid,credit_card
PRM001765,P00131,C00067,45.00,monthly,Under 35,2025-07-09,2025-07-08,paid,credit_card
PRM001766,P00147,C00057,35.00,monthly,Under 35,2025-07-09,2025-07-26,late,cheque
PRM001767,P00165,C00010,85.00,monthly,Under 35,2025-07-09,2025-07-06,paid,pad
PRM001768,P00180,C00028,478.80,monthly,55-64,2025-07-09,2025-07-09,paid,cheque
PRM001769,P00057,C00033,49.00,monthly,45-54,2025-07-10,2025-07-07,paid,pad
PRM001770,P00112,C00122,85.00,monthly,Under 35,2025-07-11,2025-07-09,paid,pad
PRM001771,P00124,C00119,210.60,monthly,55-64,2025-07-11,2025-07-10,paid,cheque
PRM001772,P00130,C00142,707.20,monthly,75+,2025-07-11,2025-07-11,paid,cheque
PRM001773,P00003,C00107,85.00,monthly,Under 35,2025-07-12,2025-07-10,paid,cheque
PRM001774,P00122,C00118,112.00,monthly,75+,2025-07-12,2025-07-10,paid,credit_card
PRM001775,P00173,C00051,448.00,monthly,75+,2025-07-12,2025-07-10,paid,credit_card
PRM001776,P00016,C00001,49.00,monthly,45-54,2025-07-13,,missed,
PRM001777,P00074,C00020,638.40,monthly,65-74,2025-07-13,2025-07-11,paid,credit_card
PRM001778,P00091,C00090,917.70,quarterly,35-44,2025-07-13,2025-07-13,paid,credit_card
PRM001779,P00132,C00108,49.00,monthly,45-54,2025-07-13,2025-07-13,paid,credit_card
PRM001780,P00138,C00105,196.00,monthly,45-54,2025-07-13,2025-07-11,paid,pad
PRM001781,P00140,C00123,112.00,monthly,75+,2025-07-13,2025-07-11,paid,cheque
PRM001782,P00179,C00083,448.00,monthly,75+,2025-07-13,2025-07-13,paid,credit_card
PRM001783,P00058,C00077,69.00,monthly,35-44,2025-07-14,2025-07-14,paid,cheque
PRM001784,P00123,C00042,108.00,monthly,55-64,2025-07-14,2025-07-12,paid,cheque
PRM001785,P00007,C00140,127.40,monthly,45-54,2025-07-15,2025-07-13,paid,pad
PRM001786,P00041,C00130,98.32,monthly,35-44,2025-07-15,2025-07-15,paid,pad
PRM001787,P00118,C00146,530.40,monthly,65-74,2025-07-15,2025-07-12,paid,cheque
PRM001788,P00137,C00064,397.80,monthly,55-64,2025-07-15,2025-07-14,paid,cheque
PRM001789,P00020,C00131,638.40,monthly,65-74,2025-07-16,2025-07-15,paid,pad
PRM001790,P00156,C00127,266.00,monthly,Under 35,2025-07-16,2025-07-15,paid,credit_card
PRM001791,P00008,C00145,105.00,quarterly,Under 35,2025-07-17,2025-07-17,paid,pad
PRM001792,P00108,C00060,85.00,monthly,Under 35,2025-07-17,2025-07-17,paid,cheque
PRM001793,P00141,C00092,229.42,quarterly,35-44,2025-07-17,2025-07-15,paid,cheque
PRM001794,P00142,C00091,161.50,monthly,Under 35,2025-07-17,2025-07-14,paid,pad
PRM001795,P00025,C00085,499.20,monthly,75+,2025-07-18,2025-07-16,paid,credit_card
PRM001796,P00035,C00050,84.00,monthly,65-74,2025-07-18,2025-07-17,paid,pad
PRM001797,P00154,C00123,374.40,monthly,75+,2025-07-18,2025-07-16,paid,credit_card
PRM001798,P00045,C00103,131.10,monthly,35-44,2025-07-19,2025-07-18,paid,pad
PRM001799,P00103,C00141,484.50,quarterly,Under 35,2025-07-19,2025-07-19,paid,pad
PRM001800,P00120,C00021,262.20,monthly,35-44,2025-07-19,2025-07-18,paid,cheque
PRM001801,P00001,C00151,384.00,monthly,75+,2025-07-20,2025-07-20,paid,credit_card
PRM001802,P00098,C00089,192.00,monthly,75+,2025-07-20,2025-07-20,paid,pad
PRM001803,P00076,C00021,262.20,monthly,35-44,2025-07-21,2025-07-20,paid,pad
PRM001804,P00042,C00129,478.80,monthly,55-64,2025-07-22,2025-07-20,paid,pad
PRM001805,P00086,C00109,374.40,monthly,75+,2025-07-22,2025-08-09,late,credit_card
PRM001806,P00090,C00012,216.00,monthly,55-64,2025-07-22,2025-07-21,paid,pad
PRM001807,P00114,C00025,84.00,monthly,65-74,2025-07-23,2025-07-21,paid,pad
PRM001808,P00151,C00091,364.00,monthly,Under 35,2025-07-23,2025-07-21,paid,cheque
PRM001809,P00162,C00070,798.00,quarterly,Under 35,2025-07-23,2025-07-22,paid,cheque
PRM001810,P00044,C00128,138.00,monthly,35-44,2025-07-25,2025-07-25,paid,credit_card
PRM001811,P00119,C00094,108.00,monthly,55-64,2025-07-25,2025-07-22,paid,credit_card
PRM001812,P00125,C00027,336.00,monthly,65-74,2025-07-25,2025-07-23,paid,credit_card
PRM001813,P00159,C00004,254.15,monthly,35-44,2025-07-25,2025-07-23,paid,pad
PRM001814,P00014,C00040,108.00,monthly,65-74,2025-07-26,2025-07-26,paid,credit_card
PRM001815,P00043,C00060,91.00,monthly,Under 35,2025-07-26,2025-07-23,paid,credit_card
PRM001816,P00073,C00111,210.60,monthly,55-64,2025-07-26,2025-07-25,paid,cheque
PRM001817,P00117,C00014,112.00,monthly,75+,2025-07-26,2025-07-24,paid,credit_card
PRM001818,P00069,C00005,384.00,monthly,75+,2025-07-27,2025-07-24,paid,credit_card
PRM001819,P00092,C00126,45.00,monthly,Under 35,2025-07-27,2025-07-24,paid,credit_card
PRM001820,P00096,C00008,63.00,monthly,55-64,2025-07-27,2025-07-25,paid,credit_card
PRM001821,P00148,C00002,384.00,monthly,75+,2025-07-27,2025-07-24,paid,cheque
PRM001822,P00018,C00149,117.00,monthly,Under 35,2025-07-28,2025-07-28,paid,cheque
PRM001823,P00046,C00149,364.00,monthly,Under 35,2025-07-28,,missed,
PRM001824,P00050,C00034,66.50,monthly,Under 35,2025-07-28,2025-07-25,paid,credit_card
PRM001825,P00054,C00150,290.70,monthly,55-64,2025-07-28,2025-07-26,paid,pad
PRM001826,P00077,C00147,91.00,monthly,Under 35,2025-07-28,2025-07-28,paid,cheque
PRM001827,P00101,C00068,63.00,monthly,55-64,2025-07-28,2025-07-25,paid,credit_card
PRM001828,P00110,C00093,112.00,monthly,75+,2025-07-28,2025-07-28,paid,cheque
PRM001829,P00121,C00063,63.00,monthly,55-64,2025-07-28,2025-08-02,late,cheque
PRM001830,P00158,C00008,290.70,monthly,55-64,2025-07-28,2025-07-25,paid,cheque
PRM001831,P00177,C00095,76.48,monthly,35-44,2025-07-28,2025-07-27,paid,credit_card
PRM001832,P00026,C00058,$410.40 CAD,monthly,55-64,07/29/2025,2025-07-29,paid,pad
PRM001833,P00095,C00085,851.20,monthly,75+,2025-07-30,2025-07-27,paid,pad
PRM001834,P00171,C00076,272.00,monthly,75+,2025-08-01,2025-07-31,paid,cheque
PRM001835,P00013,C00034,161.50,monthly,Under 35,2025-08-02,2025-07-30,paid,pad
PRM001836,P00015,C00059,272.00,monthly,75+,2025-08-02,2025-08-01,paid,pad
PRM001837,P00023,C00058,108.00,monthly,55-64,2025-08-02,2025-07-30,paid,pad
PRM001838,P00030,C00139,60.00,monthly,Under 35,2025-08-02,2025-07-31,paid,cheque
PRM001839,P00111,C00134,140.00,monthly,Under 35,2025-08-02,2025-07-30,paid,credit_card
PRM001840,P00126,C00089,272.00,monthly,75+,2025-08-02,2025-07-31,paid,pad
PRM001841,P00027,C00025,84.00,monthly,65-74,2025-08-03,2025-08-01,paid,cheque
PRM001842,P00037,C00102,45.00,monthly,Under 35,2025-08-03,2025-07-31,paid,cheque
PRM001843,P00075,C00100,144.00,monthly,75+,2025-08-03,2025-08-02,paid,credit_card
PRM001844,P00087,C00023,76.48,monthly,35-44,2025-08-03,2025-08-02,paid,pad
PRM001845,P00019,C00014,272.00,monthly,75+,2025-08-04,2025-08-01,paid,pad
PRM001846,P00051,C00033,168.00,monthly,45-54,2025-08-04,2025-08-03,paid,credit_card
PRM001847,P00055,C00117,117.00,monthly,Under 35,2025-08-04,2025-08-20,late,cheque
PRM001848,P00072,C00070,91.00,monthly,Under 35,2025-08-04,2025-08-24,late,credit_card
PRM001849,P00127,C00041,51.75,monthly,35-44,2025-08-04,2025-08-21,late,credit_card
PRM001850,P00160,C00018,85.00,monthly,Under 35,2025-08-04,2025-08-04,paid,pad
PRM001851,P00022,C00006,144.00,monthly,65-74,2025-08-05,2025-08-14,late,pad
PRM001852,P00081,C00066,218.40,monthly,45-54,2025-08-05,2025-08-05,paid,credit_card
PRM001853,P00093,C00023,134.55,monthly,35-44,2025-08-05,2025-08-05,paid,cheque
PRM001854,P00164,C00084,499.20,monthly,75+,2025-08-05,2025-08-02,paid,pad
PRM001855,P00082,C00143,51.75,monthly,35-44,2025-08-06,2025-08-03,paid,pad
PRM001856,P00135,C00135,448.00,monthly,75+,2025-08-06,2025-08-06,paid,pad
PRM001857,P00065,C00047,192.00,monthly,75+,2025-08-07,2025-08-07,paid,credit_card
PRM001858,P00094,C00056,45.00,monthly,Under 35,2025-08-07,2025-08-05,paid,cheque
PRM001859,P00133,C00097,530.40,monthly,65-74,2025-08-07,2025-08-05,paid,credit_card
PRM001860,P00136,C00102,45.00,monthly,Under 35,2025-08-07,2025-08-06,paid,cheque
PRM001861,P00104,C00100,112.00,monthly,75+,2025-08-08,2025-08-05,paid,credit_card
PRM001862,P00106,C00045,185.72,monthly,35-44,2025-08-08,2025-08-08,paid,credit_card
PRM001863,P00152,C00093,384.00,monthly,75+,2025-08-08,2025-08-06,paid,credit_card
PRM001864,P00024,C00013,358.80,monthly,35-44,2025-08-09,2025-08-07,paid,cheque
PRM001865,P00131,C00067,45.00,monthly,Under 35,2025-08-09,2025-08-06,paid,pad
PRM001866,P00147,C00057,35.00,monthly,Under 35,2025-08-09,2025-08-07,paid,cheque
PRM001867,P00165,C00010,85.00,monthly,Under 35,2025-08-09,2025-08-09,paid,pad
PRM001868,P00180,C00028,478.80,monthly,55-64,2025-08-09,2025-08-08,paid,credit_card
PRM001869,P00009,C00037,756.00,quarterly,55-64,2025-08-10,2025-08-08,paid,credit_card
PRM001870,P00049,C00038,288.00,monthly,65-74,2025-08-10,2025-08-10,paid,credit_card
PRM001871,P00057,C00033,49.00,monthly,45-54,2025-08-10,2025-08-08,paid,cheque
PRM001872,P00112,C00122,85.00,monthly,Under 35,2025-08-11,2025-08-10,paid,pad
PRM001873,P00124,C00119,280.80,monthly,65-74,2025-08-11,2025-08-09,paid,cheque
PRM001874,P00130,C00142,707.20,monthly,75+,2025-08-11,2025-08-08,paid,pad
PRM001875,P00003,C00107,85.00,monthly,Under 35,2025-08-12,2025-08-10,paid,cheque
PRM001876,P00122,C00118,112.00,monthly,75+,2025-08-12,2025-08-12,paid,credit_card
PRM001877,P00173,C00051,448.00,monthly,75+,2025-08-12,2025-08-11,paid,pad
PRM001878,P00016,C00001,$49.00 CAD,monthly,45-54,08/13/2025,2025-08-22,late,credit_card
PRM001879,P00033,C00009,1428.00,yearly,45-54,2025-08-13,2025-08-12,paid,pad
PRM001880,P00064,C00030,448.00,monthly,75+,2025-08-13,2025-08-24,late,cheque
PRM001881,P00074,C00020,638.40,monthly,65-74,2025-08-13,2025-08-11,paid,pad
PRM001882,P00132,C00108,49.00,monthly,45-54,2025-08-13,2025-08-25,late,cheque
PRM001883,P00138,C00105,196.00,monthly,45-54,2025-08-13,2025-08-11,paid,credit_card
PRM001884,P00140,C00123,112.00,monthly,75+,2025-08-13,2025-08-11,paid,pad
PRM001885,P00179,C00083,448.00,monthly,75+,2025-08-13,2025-08-13,paid,pad
PRM001886,P00058,C00077,69.00,monthly,35-44,2025-08-14,2025-08-12,paid,credit_card
PRM001887,P00123,C00042,108.00,monthly,55-64,2025-08-14,2025-08-12,paid,cheque
PRM001888,P00007,C00140,127.40,monthly,45-54,2025-08-15,2025-08-15,paid,credit_card
PRM001889,P00012,C00095,966.00,yearly,35-44,2025-08-15,2025-08-14,paid,pad
PRM001890,P00041,C00130,98.32,monthly,35-44,2025-08-15,2025-08-12,paid,credit_card
PRM001891,p00118 ,C00146,530.40,monthly,65-74,2025-08-15,2025-08-12,paid,cheque
PRM001892,P00137,C00064,397.80,monthly,55-64,2025-08-15,2025-08-13,paid,cheque
PRM001893,P00176,C00081,120.75,quarterly,35-44,2025-08-15,2025-08-13,paid,pad
PRM001894,P00020,C00131,638.40,monthly,65-74,2025-08-16,2025-08-31,late,cheque
PRM001895,P00048,C00041,207.00,quarterly,35-44,2025-08-16,2025-08-13,paid,credit_card
PRM001896,P00156,C00127,266.00,monthly,Under 35,2025-08-16,2025-08-13,paid,credit_card
PRM001897,P00060,C00047,1123.20,quarterly,75+,2025-08-17,2025-08-15,Paid ,pad
PRM001898,P00108,C00060,85.00,monthly,Under 35,2025-08-17,2025-08-20,late,pad
PRM001899,P00142,C00091,161.50,monthly,Under 35,2025-08-17,2025-08-15,paid,cheque
PRM001900,P00174,C00031,243.00,quarterly,55-64,2025-08-17,2025-08-14,paid,credit_card
PRM001901,P00025,C00085,499.20,monthly,75+,2025-08-18,2025-08-17,paid,credit_card
PRM001902,P00035,C00050,84.00,monthly,65-74,2025-08-18,2025-08-16,paid,cheque
PRM001903,P00154,C00123,374.40,monthly,75+,2025-08-18,2025-08-16,paid,cheque
PRM001904,P00045,C00103,131.10,monthly,35-44,2025-08-19,2025-08-19,paid,pad
PRM001905,P00120,C00021,262.20,monthly,35-44,2025-08-19,2025-08-16,paid,pad
PRM001906,P00149,C00011,678.30,quarterly,45-54,2025-08-19,2025-08-16,paid,credit_card
PRM001907,P00001,C00151,384.00,monthly,75+,2025-08-20,2025-08-20,paid,credit_card
PRM001908,P00098,C00089,192.00,monthly,75+,2025-08-20,2025-08-18,paid,cheque
PRM001909,P00076,C00021,262.20,monthly,35-44,2025-08-21,2025-08-19,paid,pad
PRM001910,P00042,C00129,478.80,monthly,55-64,2025-08-22,2025-08-19,paid,pad
PRM001911,P00086,C00109,374.40,monthly,75+,2025-08-22,2025-08-21,paid,credit_card
PRM001912,P00090,C00012,216.00,monthly,55-64,2025-08-22,2025-08-21,paid,cheque
PRM001913,P00028,C00138,80.50,monthly,35-44,2025-08-23,2025-08-20,paid,credit_card
PRM001914,P00114,C00025,84.00,monthly,65-74,2025-08-23,2025-08-22,paid,pad
PRM001915,P00151,C00091,364.00,monthly,Under 35,2025-08-23,2025-08-22,paid,credit_card
PRM001916,P00029,C00044,189.00,quarterly,45-54,2025-08-24,2025-08-21,paid,pad
PRM001917,P00044,C00128,138.00,monthly,35-44,2025-08-25,2025-08-31,late,credit_card
PRM001918,P00119,C00094,108.00,monthly,55-64,2025-08-25,2025-08-22,paid,credit_card
PRM001919,P00125,C00027,336.00,monthly,65-74,2025-08-25,2025-08-23,paid,credit_card
PRM001920,P00159,C00004,254.15,monthly,35-44,2025-08-25,2025-08-25,paid,pad
PRM001921,P00014,C00040,108.00,monthly,65-74,2025-08-26,2025-08-24,paid,cheque
PRM001922,P00043,C00060,91.00,monthly,Under 35,2025-08-26,2025-08-24,paid,credit_card
PRM001923,P00073,C00111,210.60,monthly,55-64,2025-08-26,2025-08-25,paid,pad
PRM001924,P00097,C00068,461.70,quarterly,55-64,2025-08-26,2025-08-23,paid,credit_card
PRM001925,P00117,C00014,112.00,monthly,75+,2025-08-26,2025-08-23,paid,pad
PRM001926,P00069,C00005,384.00,monthly,75+,2025-08-27,2025-08-27,paid,credit_card
PRM001927,P00092,C00126,45.00,monthly,Under 35,2025-08-27,2025-08-24,paid,credit_card
PRM001928,P00096,C00008,63.00,monthly,55-64,2025-08-27,2025-08-26,paid,pad
PRM001929,P00148,C00002,384.00,monthly,75+,2025-08-27,2025-08-26,paid,cheque
PRM001930,P00018,C00149,117.00,monthly,Under 35,2025-08-28,,missed,
PRM001931,P00046,C00149,364.00,monthly,Under 35,2025-08-28,2025-08-26,paid,pad
PRM001932,P00050,C00034,66.50,monthly,Under 35,2025-08-28,2025-08-28,paid,pad
PRM001933,P00054,C00150,290.70,monthly,55-64,2025-08-28,2025-08-26,paid,credit_card
PRM001934,P00077,C00147,91.00,monthly,Under 35,2025-08-28,2025-08-25,paid,cheque
PRM001935,P00101,C00068,63.00,monthly,55-64,2025-08-28,2025-08-28,paid,cheque
PRM001936,P00110,C00093,112.00,monthly,75+,2025-08-28,2025-08-28,paid,pad
PRM001937,P00121,C00063,63.00,monthly,55-64,2025-08-28,2025-08-27,paid,credit_card
PRM001938,P00158,C00008,290.70,monthly,55-64,2025-08-28,2025-08-27,paid,cheque
PRM001939,P00177,C00095,76.48,monthly,35-44,2025-08-28,2025-08-28,paid,pad
PRM001940,P00026,C00058,410.40,monthly,55-64,2025-08-29,2025-08-29,paid,credit_card
PRM001941,P00095,C00085,851.20,monthly,75+,2025-08-30,2025-08-30,paid,pad
PRM001942,P00171,C00076,272.00,monthly,75+,2025-09-01,2025-08-29,paid,pad
PRM001943,P00013,C00034,161.50,monthly,Under 35,2025-09-02,2025-09-02,paid,pad
PRM001944,P00015,C00059,272.00,monthly,75+,2025-09-02,2025-09-02,paid,pad
PRM001945,P00023,C00058,108.00,monthly,55-64,2025-09-02,2025-08-30,paid,cheque
PRM001946,P00030,C00139,60.00,monthly,Under 35,2025-09-02,2025-08-31,paid,credit_card
PRM001947,P00111,C00134,140.00,monthly,Under 35,2025-09-02,2025-08-30,paid,credit_card
PRM001948,P00126,C00089,272.00,monthly,75+,2025-09-02,2025-09-02,paid,pad
PRM001949,P00027,C00025,84.00,monthly,65-74,2025-09-03,2025-09-01,paid,pad
PRM001950,P00037,C00102,45.00,monthly,Under 35,2025-09-03,2025-08-31,paid,credit_card
PRM001951,P00038,C00022,84.00,monthly,45-54,2025-09-03,2025-09-01,paid,pad
PRM001952,P00075,C00100,144.00,monthly,75+,2025-09-03,2025-09-03,paid,cheque
PRM001953,P00087,C00023,76.48,monthly,35-44,2025-09-03,2025-09-02,paid,cheque
PRM001954,P00144,C00131,205.20,monthly,65-74,2025-09-03,2025-09-01,paid,credit_card
PRM001955,P00019,C00014,272.00,monthly,75+,2025-09-04,2025-09-03,paid,credit_card
PRM001956,P00051,C00033,168.00,monthly,45-54,2025-09-04,2025-09-04,paid,credit_card
PRM001957,P00055,C00117,117.00,monthly,Under 35,2025-09-04,2025-09-03,paid,cheque
PRM001958,P00072,C00070,91.00,monthly,Under 35,2025-09-04,2025-09-04,paid,credit_card
PRM001959,P00088,C00100,1550.40,quarterly,75+,2025-09-04,2025-09-04,paid,credit_card
PRM001960,P00127,C00041,51.75,monthly,35-44,2025-09-04,2025-09-02,paid,pad
PRM001961,P00160,C00018,85.00,monthly,Under 35,2025-09-04,2025-09-02,paid,cheque
PRM001962,P00022,C00006,144.00,monthly,65-74,2025-09-05,2025-09-02,paid,credit_card
PRM001963,P00081,C00066,218.40,monthly,45-54,2025-09-05,2025-09-05,paid,credit_card
PRM001964,P00093,C00023,134.55,monthly,35-44,2025-09-05,2025-09-05,paid,credit_card
PRM001965,P00164,C00084,499.20,monthly,75+,2025-09-05,2025-09-02,paid,pad
PRM001966,P00082,C00143,51.75,monthly,35-44,2025-09-06,2025-09-03,paid,pad
PRM001967,P00135,C00135,448.00,monthly,75+,2025-09-06,2025-09-05,paid,credit_card
PRM001968,P00065,C00047,192.00,monthly,75+,2025-09-07,2025-09-06,paid,cheque
PRM001969,P00094,C00056,45.00,monthly,Under 35,2025-09-07,2025-09-04,paid,pad
PRM001970,P00133,C00097,530.40,monthly,65-74,2025-09-07,2025-09-05,paid,credit_card
PRM001971,P00136,C00102,45.00,monthly,Under 35,2025-09-07,2025-09-05,paid,pad
PRM001972,P00104,C00100,112.00,monthly,75+,2025-09-08,2025-09-07,paid,cheque
PRM001973,P00106,C00045,185.72,monthly,35-44,2025-09-08,2025-09-05,paid,pad
PRM001974,P00152,C00093,384.00,monthly,75+,2025-09-08,2025-09-07,paid,pad
PRM001975,P00024,C00013,358.80,monthly,35-44,2025-09-09,2025-09-06,paid,cheque
PRM001976,P00085,C00054,384.00,monthly,75+,2025-09-09,2025-09-06,paid,credit_card
PRM001977,P00089,C00099,189.00,quarterly,45-54,2025-09-09,2025-09-09,paid,cheque
PRM001978,P00131,C00067,45.00,monthly,Under 35,2025-09-09,2025-09-06,paid,pad
PRM001979,P00147,C00057,35.00,monthly,Under 35,2025-09-09,2025-09-08,paid,credit_card
PRM001980,P00165,C00010,85.00,monthly,Under 35,2025-09-09,2025-09-08,paid,credit_card
PRM001981,P00180,C00028,478.80,monthly,55-64,2025-09-09,2025-09-09,paid,cheque
PRM001982,P00049,C00038,288.00,monthly,65-74,2025-09-10,2025-09-10,paid,credit_card
PRM001983,P00057,C00033,49.00,monthly,45-54,2025-09-10,2025-09-29,late,credit_card
PRM001984,P00175,C00024,180.00,quarterly,Under 35,2025-09-10,2025-09-09,paid,cheque
PRM001985,P00112,C00122,85.00,monthly,Under 35,2025-09-11,2025-09-10,paid,pad
PRM001986,P00124,C00119,280.80,monthly,65-74,2025-09-11,2025-09-11,paid,cheque
PRM001987,P00130,C00142,707.20,monthly,75+,2025-09-11,2025-09-10,paid,credit_card
PRM001988,P00003,C00107,85.00,monthly,Under 35,2025-09-12,2025-09-12,paid,pad
PRM001989,P00122,C00118,112.00,monthly,75+,2025-09-12,,missed,
PRM001990,P00173,C00051,448.00,monthly,75+,2025-09-12,2025-09-18,late,cheque
PRM001991,P00016,C00001,63.00,monthly,55-64,2025-09-13,2025-09-29,late,cheque
PRM001992,P00064,C00030,448.00,monthly,75+,2025-09-13,,missed,
PRM001993,P00066,C00064,842.40,quarterly,55-64,2025-09-13,2025-09-11,paid,pad
PRM001994,P00074,C00020,638.40,monthly,65-74,2025-09-13,2025-09-11,paid,credit_card
PRM001995,P00080,C00042,615.60,quarterly,55-64,2025-09-13,2025-09-12,paid,cheque
PRM001996,P00132,C00108,49.00,monthly,45-54,2025-09-13,2025-09-11,paid,cheque
PRM001997,P00138,C00105,196.00,monthly,45-54,2025-09-13,2025-09-29,late,pad
PRM001998,P00140,C00123,112.00,monthly,75+,2025-09-13,2025-09-12,paid,credit_card
PRM001999,P00179,C00083,448.00,monthly,75+,2025-09-13,2025-09-10,paid,credit_card
PRM002000,P00058,C00077,69.00,monthly,35-44,2025-09-14,2025-09-11,paid,cheque
PRM002001,P00123,C00042,108.00,monthly,55-64,2025-09-14,2025-09-14,paid,pad
PRM002002,P00007,C00140,127.40,monthly,45-54,2025-09-15,2025-09-14,paid,credit_card
PRM002003,P00041,C00130,98.32,monthly,35-44,2025-09-15,2025-09-12,paid,cheque
PRM002004,P00059,C00124,85.50,monthly,Under 35,2025-09-15,2025-09-12,paid,credit_card
PRM002005,P00107,C00099,491.40,quarterly,45-54,2025-09-15,2025-09-15,paid,cheque
PRM002006,P00118,C00146,$530.40 CAD,monthly,65-74,2025-09-15,2025-09-13,paid,cheque
PRM002007,P00137,C00064,397.80,monthly,55-64,2025-09-15,2025-09-13,paid,cheque
PRM002008,P00020,C00131,638.40,monthly,65-74,2025-09-16,2025-09-13,paid,pad
PRM002009,P00156,C00127,266.00,monthly,Under 35,2025-09-16,2025-09-14,paid,credit_card
PRM002010,P00108,C00060,85.00,monthly,Under 35,2025-09-17,2025-09-16,paid,pad
PRM002011,P00142,C00091,161.50,monthly,Under 35,2025-09-17,2025-09-16,paid,pad
PRM002012,P00025,C00085,499.20,monthly,75+,2025-09-18,2025-09-18,paid,pad
PRM002013,P00035,C00050,84.00,monthly,65-74,2025-09-18,2025-09-23,Late ,cheque
PRM002014,P00154,C00123,374.40,monthly,75+,2025-09-18,2025-09-18,paid,cheque
PRM002015,P00172,C00137,842.40,quarterly,65-74,2025-09-18,2025-09-18,paid,pad
PRM002016,P00045,C00103,131.10,monthly,35-44,2025-09-19,2025-09-16,paid,cheque
PRM002017,P00120,C00021,262.20,monthly,35-44,2025-09-19,2025-09-16,paid,cheque
PRM002018,P00001,C00151,384.00,monthly,75+,2025-09-20,2025-09-17,paid,credit_card
PRM002019,P00098,C00089,192.00,monthly,75+,2025-09-20,2025-09-19,paid,cheque
PRM002020,P00076,C00021,262.20,monthly,35-44,2025-09-21,2025-09-21,paid,credit_card
PRM002021,P00042,C00129,478.80,monthly,55-64,2025-09-22,2025-09-22,paid,credit_card
PRM002022,P00086,C00109,374.40,monthly,75+,2025-09-22,2025-09-20,paid,pad
PRM002023,P00090,C00012,216.00,monthly,55-64,2025-09-22,2025-09-20,paid,cheque
PRM002024,P00028,C00138,80.50,monthly,35-44,2025-09-23,2025-09-22,paid,pad
PRM002025,P00114,C00025,84.00,monthly,65-74,2025-09-23,2025-09-20,paid,pad
PRM002026,P00151,C00091,364.00,monthly,Under 35,2025-09-23,2025-10-12,late,pad
PRM002027,P00145,C00150,108.00,monthly,55-64,2025-09-24,2025-09-22,paid,credit_card
PRM002028,P00044,C00128,138.00,monthly,35-44,2025-09-25,2025-09-24,paid,pad
PRM002029,P00119,C00094,108.00,monthly,55-64,2025-09-25,2025-09-23,paid,credit_card
PRM002030,P00125,C00027,336.00,monthly,65-74,2025-09-25,,missed,
PRM002031,P00159,C00004,254.15,monthly,35-44,2025-09-25,2025-09-25,paid,cheque
PRM002032,P00014,C00040,$108.00 CAD,monthly,65-74,2025-09-26,2025-10-11,late,cheque
PRM002033,P00043,C00060,91.00,monthly,Under 35,2025-09-26,2025-09-26,paid,credit_card
PRM002034,P00073,C00111,210.60,monthly,55-64,2025-09-26,2025-09-23,paid,pad
PRM002035,P00117,C00014,112.00,monthly,75+,2025-09-26,2025-09-25,paid,pad
PRM002036,P00069,C00005,384.00,monthly,75+,2025-09-27,2025-10-02,late,credit_card
PRM002037,P00092,C00126,45.00,monthly,Under 35,2025-09-27,2025-09-24,paid,cheque
PRM002038,P00096,C00008,63.00,monthly,55-64,2025-09-27,2025-09-25,paid,pad
PRM002039,P00148,C00002,384.00,monthly,75+,2025-09-27,2025-09-27,paid,cheque
PRM002040,P00018,C00149,117.00,monthly,Under 35,2025-09-28,2025-10-22,late,cheque
PRM002041,P00046,C00149,364.00,monthly,Under 35,2025-09-28,2025-09-27,paid,pad
PRM002042,P00050,C00034,66.50,monthly,Under 35,2025-09-28,2025-10-04,late,credit_card
PRM002043,P00054,C00150,290.70,monthly,55-64,2025-09-28,2025-09-27,paid,cheque
PRM002044,P00077,C00147,91.00,monthly,Under 35,2025-09-28,2025-09-27,paid,cheque
PRM002045,P00101,C00068,63.00,monthly,55-64,2025-09-28,2025-09-25,paid,credit_card
PRM002046,P00110,C00093,112.00,monthly,75+,2025-09-28,2025-09-28,paid,cheque
PRM002047,P00121,C00063,63.00,monthly,55-64,2025-09-28,2025-09-28,paid,pad
PRM002048,P00158,C00008,290.70,monthly,55-64,2025-09-28,2025-09-27,paid,credit_card
PRM002049,P00177,C00095,76.48,monthly,35-44,2025-09-28,2025-09-25,paid,pad
PRM002050,P00026,C00058,410.40,monthly,55-64,2025-09-29,2025-09-27,paid,credit_card
PRM002051,P00095,C00085,851.20,monthly,75+,2025-09-30,2025-09-27,paid,cheque
PRM002052,P00053,C00104,1008.00,quarterly,65-74,2025-10-01,2025-10-01,paid,cheque
PRM002053,P00171,C00076,272.00,monthly,75+,2025-10-01,2025-09-30,paid,credit_card
PRM002054,P00013,C00034,161.50,monthly,Under 35,2025-10-02,2025-10-01,paid,pad
PRM002055,P00015,C00059,272.00,monthly,75+,2025-10-02,2025-10-02,paid,pad
PRM002056,P00023,C00058,108.00,monthly,55-64,2025-10-02,2025-09-30,paid,cheque
PRM002057,P00030,C00139,60.00,monthly,Under 35,2025-10-02,2025-09-30,paid,cheque
PRM002058,P00111,C00134,140.00,monthly,Under 35,2025-10-02,2025-09-29,paid,cheque
PRM002059,P00126,C00089,272.00,monthly,75+,2025-10-02,2025-10-01,paid,credit_card
PRM002060,P00027,C00025,84.00,monthly,65-74,2025-10-03,2025-09-30,paid,pad
PRM002061,P00037,C00102,45.00,monthly,Under 35,2025-10-03,2025-10-03,paid,credit_card
PRM002062,P00038,C00022,84.00,monthly,45-54,2025-10-03,2025-10-02,paid,cheque
PRM002063,P00075,C00100,144.00,monthly,75+,2025-10-03,2025-09-30,paid,pad
PRM002064,P00083,C00115,576.00,quarterly,75+,2025-10-03,2025-09-30,paid,credit_card
PRM002065,P00087,C00023,76.48,monthly,35-44,2025-10-03,2025-10-03,paid,cheque
PRM002066,P00105,C00106,272.00,monthly,75+,2025-10-03,2025-10-01,paid,cheque
PRM002067,P00144,C00131,205.20,monthly,65-74,2025-10-03,2025-10-01,paid,cheque
PRM002068,P00019,C00014,272.00,monthly,75+,2025-10-04,2025-10-01,paid,credit_card
PRM002069,P00051,C00033,168.00,monthly,45-54,2025-10-04,2025-10-04,paid,pad
PRM002070,P00055,C00117,117.00,monthly,Under 35,2025-10-04,2025-10-02,paid,credit_card
PRM002071,P00072,C00070,91.00,monthly,Under 35,2025-10-04,2025-10-04,paid,cheque
PRM002072,P00127,C00041,51.75,monthly,35-44,2025-10-04,2025-10-02,paid,cheque
PRM002073,P00160,C00018,85.00,monthly,Under 35,2025-10-04,2025-10-01,paid,pad
PRM002074,P00022,C00006,144.00,monthly,65-74,2025-10-05,2025-10-04,paid,pad
PRM002075,P00081,C00066,218.40,monthly,45-54,2025-10-05,2025-10-04,paid,pad
PRM002076,P00093,C00023,134.55,monthly,35-44,2025-10-05,2025-10-03,paid,credit_card
PRM002077,P00116,C00037,189.00,quarterly,55-64,2025-10-05,2025-10-03,paid,pad
PRM002078,P00164,C00084,$499.20 CAD,monthly,75+,10/05/2025,2025-10-03,paid,cheque
PRM002079,P00002,C00152,2553.60,quarterly,75+,2025-10-06,2025-10-03,paid,cheque
PRM002080,P00063,C00046,184.00,single,75+,2025-10-06,2025-10-04,paid,pad
PRM002081,P00082,C00143,51.75,monthly,35-44,2025-10-06,2025-10-03,paid,pad
PRM002082,P00135,C00135,448.00,monthly,75+,2025-10-06,2025-10-04,paid,credit_card
PRM002083,P00065,C00047,192.00,monthly,75+,2025-10-07,2025-10-04,paid,pad
PRM002084,P00094,C00056,45.00,monthly,Under 35,2025-10-07,2025-10-07,paid,credit_card
PRM002085,P00133,C00097,530.40,monthly,65-74,2025-10-07,2025-10-07,paid,cheque
PRM002086,P00136,C00102,45.00,monthly,Under 35,2025-10-07,2025-10-07,paid,credit_card
PRM002087,P00036,C00122,199.50,quarterly,Under 35,2025-10-08,2025-10-05,paid,cheque
PRM002088,P00062,C00096,255.00,quarterly,Under 35,2025-10-08,2025-10-20,late,credit_card
PRM002089,P00104,C00100,112.00,monthly,75+,2025-10-08,2025-10-08,paid,credit_card
PRM002090,P00106,C00045,185.72,monthly,35-44,2025-10-08,2025-10-16,late,cheque
PRM002091,P00134,C00093,336.00,quarterly,75+,2025-10-08,2025-10-08,paid,credit_card
PRM002092,P00152,C00093,384.00,monthly,75+,2025-10-08,2025-10-07,paid,cheque
PRM002093,P00024,C00013,358.80,monthly,35-44,2025-10-09,2025-10-07,paid,cheque
PRM002094,P00052,C00082,1344.00,quarterly,75+,2025-10-09,2025-10-13,late,cheque
PRM002095,P00067,C00064,459.00,quarterly,55-64,2025-10-09,2025-10-07,paid,credit_card
PRM002096,P00085,C00054,384.00,monthly,75+,2025-10-09,2025-10-07,paid,credit_card
PRM002097,P00131,C00067,45.00,monthly,Under 35,10/09/2025,2025-10-07,Paid ,credit_card
PRM002098,P00147,C00057,35.00,monthly,Under 35,2025-10-09,,missed,
PRM002099,P00165,C00010,85.00,monthly,Under 35,2025-10-09,2025-10-08,paid,credit_card
PRM002100,P00180,C00028,478.80,monthly,55-64,2025-10-09,2025-10-08,paid,pad
PRM002101,P00049,C00038,288.00,monthly,65-74,2025-10-10,2025-10-08,paid,pad
PRM002102,P00057,C00033,49.00,monthly,45-54,2025-10-10,2025-10-10,paid,credit_card
PRM002103,P00112,C00122,85.00,monthly,Under 35,2025-10-11,2025-10-08,paid,credit_card
PRM002104,P00124,C00119,280.80,monthly,65-74,2025-10-11,2025-10-10,paid,credit_card
PRM002105,P00130,C00142,707.20,monthly,75+,2025-10-11,2025-10-11,paid,pad
PRM002106,P00003,C00107,85.00,monthly,Under 35,2025-10-12,2025-10-15,late,pad
PRM002107,P00122,C00118,112.00,monthly,75+,2025-10-12,2025-10-09,paid,cheque
PRM002108,P00173,C00051,448.00,monthly,75+,2025-10-12,2025-10-12,paid,cheque
PRM002109,P00016,C00001,63.00,monthly,55-64,2025-10-13,2025-10-13,paid,pad
PRM002110,p00064 ,C00030,448.00,monthly,75+,2025-10-13,2025-10-10,paid,pad
PRM002111,P00074,C00020,638.40,monthly,65-74,2025-10-13,2025-10-12,paid,pad
PRM002112,P00091,C00090,917.70,quarterly,35-44,2025-10-13,2025-10-13,paid,pad
PRM002113,P00132,C00108,49.00,monthly,45-54,2025-10-13,2025-10-16,late,pad
PRM002114,P00138,C00105,196.00,monthly,45-54,2025-10-13,2025-10-13,paid,credit_card
PRM002115,P00140,C00123,112.00,monthly,75+,2025-10-13,2025-10-13,paid,pad
PRM002116,P00179,C00083,448.00,monthly,75+,2025-10-13,2025-10-12,paid,credit_card
PRM002117,P00058,C00077,69.00,monthly,35-44,2025-10-14,2025-10-13,paid,cheque
PRM002118,P00123,C00042,108.00,monthly,55-64,2025-10-14,2025-10-13,paid,pad
PRM002119,P00007,C00140,127.40,monthly,45-54,2025-10-15,2025-10-15,paid,pad
PRM002120,P00041,C00130,98.32,monthly,35-44,2025-10-15,2025-10-12,paid,cheque
PRM002121,P00059,C00124,85.50,monthly,Under 35,2025-10-15,2025-10-13,paid,credit_card
PRM002122,P00118,C00146,530.40,monthly,65-74,2025-10-15,2025-10-14,paid,pad
PRM002123,P00137,C00064,397.80,monthly,55-64,2025-10-15,2025-10-14,paid,pad
PRM002124,P00020,C00131,638.40,monthly,65-74,2025-10-16,2025-10-16,paid,cheque
PRM002125,P00156,C00127,266.00,monthly,Under 35,2025-10-16,2025-10-15,paid,pad
PRM002126,P00008,C00145,105.00,quarterly,Under 35,2025-10-17,2025-10-15,paid,cheque
PRM002127,P00108,C00060,85.00,monthly,Under 35,2025-10-17,2025-10-16,paid,pad
PRM002128,P00141,C00092,229.42,quarterly,35-44,2025-10-17,2025-10-16,paid,cheque
PRM002129,P00142,C00091,161.50,monthly,Under 35,2025-10-17,2025-10-15,paid,credit_card
PRM002130,P00025,C00085,499.20,monthly,75+,2025-10-18,2025-10-15,paid,pad
PRM002131,P00035,C00050,84.00,monthly,65-74,2025-10-18,2025-10-15,paid,cheque
PRM002132,P00154,C00123,374.40,monthly,75+,2025-10-18,2025-10-17,paid,credit_card
PRM002133,P00045,C00103,131.10,monthly,35-44,2025-10-19,2025-10-19,paid,cheque
PRM002134,P00103,C00141,484.50,quarterly,Under 35,2025-10-19,2025-10-22,late,pad
PRM002135,P00120,C00021,262.20,monthly,35-44,2025-10-19,2025-10-17,paid,credit_card
PRM002136,P00001,C00151,384.00,monthly,75+,2025-10-20,2025-10-20,paid,credit_card
PRM002137,P00098,C00089,192.00,monthly,75+,2025-10-20,2025-10-19,paid,pad
PRM002138,P00076,C00021,262.20,monthly,35-44,2025-10-21,2025-10-20,paid,pad
PRM002139,P00042,C00129,478.80,monthly,55-64,2025-10-22,2025-10-20,paid,credit_card
PRM002140,P00086,C00109,374.40,monthly,75+,2025-10-22,2025-10-20,paid,credit_card
PRM002141,P00090,C00012,216.00,monthly,55-64,2025-10-22,2025-10-20,paid,pad
PRM002142,P00028,C00138,80.50,monthly,35-44,2025-10-23,2025-10-21,paid,credit_card
PRM002143,P00114,C00025,84.00,monthly,65-74,2025-10-23,2025-10-22,paid,credit_card
PRM002144,P00151,C00091,364.00,monthly,Under 35,2025-10-23,2025-10-23,paid,credit_card
PRM002145,P00162,C00070,798.00,quarterly,Under 35,2025-10-23,2025-10-22,paid,credit_card
PRM002146,P00145,C00150,108.00,monthly,55-64,2025-10-24,2025-10-23,paid,cheque
PRM002147,P00044,C00128,138.00,monthly,35-44,2025-10-25,2025-10-24,paid,pad
PRM002148,P00119,C00094,108.00,monthly,55-64,2025-10-25,2025-10-23,paid,cheque
PRM002149,P00125,C00027,336.00,monthly,65-74,2025-10-25,2025-10-24,paid,credit_card
PRM002150,P00159,C00004,254.15,monthly,35-44,2025-10-25,2025-10-25,paid,pad
PRM002151,P00014,C00040,108.00,monthly,65-74,2025-10-26,2025-10-29,late,credit_card
PRM002152,P00043,C00060,91.00,monthly,Under 35,2025-10-26,2025-10-26,paid,cheque
PRM002153,P00073,C00111,210.60,monthly,55-64,2025-10-26,2025-10-25,paid,pad
PRM002154,P00117,C00014,112.00,monthly,75+,2025-10-26,2025-10-26,paid,pad
PRM002155,P00069,C00005,384.00,monthly,75+,2025-10-27,2025-10-25,paid,pad
PRM002156,P00092,C00126,45.00,monthly,Under 35,2025-10-27,2025-10-26,paid,cheque
PRM002157,P00096,C00008,63.00,monthly,55-64,2025-10-27,2025-10-25,paid,credit_card
PRM002158,P00148,C00002,384.00,monthly,75+,2025-10-27,2025-10-24,paid,cheque
PRM002159,P00018,C00149,$117.00 CAD,monthly,Under 35,10/28/2025,,missed,
PRM002160,P00046,C00149,364.00,monthly,Under 35,2025-10-28,2025-10-28,paid,pad
PRM002161,P00050,C00034,66.50,monthly,Under 35,2025-10-28,2025-10-26,paid,cheque
PRM002162,P00054,C00150,290.70,monthly,55-64,2025-10-28,2025-10-28,paid,cheque
PRM002163,P00077,C00147,91.00,monthly,Under 35,2025-10-28,2025-10-27,paid,cheque
PRM002164,P00101,C00068,63.00,monthly,55-64,2025-10-28,2025-10-28,paid,pad
PRM002165,P00110,C00093,112.00,monthly,75+,2025-10-28,2025-10-26,paid,pad
PRM002166,P00121,C00063,63.00,monthly,55-64,2025-10-28,2025-10-25,paid,cheque
PRM002167,P00158,C00008,290.70,monthly,55-64,2025-10-28,2025-10-28,paid,cheque
PRM002168,P00177,C00095,$76.48 CAD,monthly,35-44,2025-10-28,2025-11-05,Late ,credit_card
PRM002169,P00026,C00058,410.40,monthly,55-64,2025-10-29,2025-10-28,paid,pad
PRM002170,P00095,C00085,851.20,monthly,75+,2025-10-30,2025-10-30,paid,pad
PRM002171,P00171,C00076,272.00,monthly,75+,2025-11-01,2025-11-01,paid,credit_card
PRM002172,P00013,C00034,161.50,monthly,Under 35,2025-11-02,2025-11-09,late,pad
PRM002173,P00015,C00059,272.00,monthly,75+,2025-11-02,2025-10-31,paid,cheque
PRM002174,P00023,C00058,108.00,monthly,55-64,2025-11-02,2025-10-31,paid,credit_card
PRM002175,P00030,C00139,60.00,monthly,Under 35,2025-11-02,2025-10-30,paid,pad
PRM002176,P00111,C00134,140.00,monthly,Under 35,2025-11-02,2025-11-01,paid,credit_card
PRM002177,P00126,C00089,272.00,monthly,75+,2025-11-02,2025-10-31,paid,cheque
PRM002178,P00027,C00025,84.00,monthly,65-74,2025-11-03,2025-11-03,paid,pad
PRM002179,P00037,C00102,45.00,monthly,Under 35,2025-11-03,2025-11-01,paid,pad
PRM002180,P00038,C00022,84.00,monthly,45-54,2025-11-03,2025-11-03,paid,cheque
PRM002181,P00075,C00100,144.00,monthly,75+,2025-11-03,2025-11-02,paid,pad
PRM002182,P00087,C00023,76.48,monthly,35-44,2025-11-03,2025-10-31,paid,pad
PRM002183,P00102,C00148,655.20,quarterly,65-74,2025-11-03,,missed,
PRM002184,P00105,C00106,272.00,monthly,75+,2025-11-03,2025-11-03,paid,credit_card
PRM002185,P00144,C00131,205.20,monthly,65-74,2025-11-03,2025-11-03,paid,pad
PRM002186,P00019,C00014,272.00,monthly,75+,2025-11-04,2025-11-01,paid,cheque
PRM002187,P00051,C00033,168.00,monthly,45-54,2025-11-04,2025-11-02,paid,pad
PRM002188,P00055,C00117,117.00,monthly,Under 35,2025-11-04,2025-11-04,paid,pad
PRM002189,P00072,C00070,91.00,monthly,Under 35,2025-11-04,2025-11-01,paid,pad
PRM002190,P00127,C00041,51.75,monthly,35-44,2025-11-04,2025-11-04,paid,cheque
PRM002191,P00160,C00018,85.00,monthly,Under 35,2025-11-04,2025-11-02,paid,pad
PRM002192,P00022,C00006,144.00,monthly,65-74,2025-11-05,2025-11-02,paid,cheque
PRM002193,P00081,C00066,218.40,monthly,45-54,2025-11-05,2025-11-02,paid,pad
PRM002194,P00093,C00023,134.55,monthly,35-44,2025-11-05,2025-11-05,paid,pad
PRM002195,P00164,C00084,499.20,monthly,75+,2025-11-05,2025-11-02,paid,cheque
PRM002196,P00082,C00143,63.00,monthly,45-54,2025-11-06,2025-11-03,paid,cheque
PRM002197,P00135,C00135,448.00,monthly,75+,2025-11-06,2025-11-06,paid,cheque
PRM002198,P00065,C00047,192.00,monthly,75+,2025-11-07,2025-11-06,paid,pad
PRM002199,P00094,C00056,45.00,monthly,Under 35,2025-11-07,2025-11-07,paid,pad
PRM002200,P00133,C00097,530.40,monthly,65-74,2025-11-07,2025-11-25,late,credit_card
PRM002201,P00136,C00102,45.00,monthly,Under 35,2025-11-07,2025-11-07,paid,pad
PRM002202,P00104,C00100,112.00,monthly,75+,2025-11-08,2025-11-06,paid,pad
PRM002203,P00106,C00045,185.72,monthly,35-44,2025-11-08,2025-11-06,paid,credit_card
PRM002204,P00152,C00093,384.00,monthly,75+,2025-11-08,2025-11-08,paid,pad
PRM002205,P00024,C00013,358.80,monthly,35-44,2025-11-09,2025-11-09,paid,cheque
PRM002206,P00085,C00054,384.00,monthly,75+,2025-11-09,2025-11-09,paid,pad
PRM002207,P00131,C00067,45.00,monthly,Under 35,2025-11-09,2025-11-09,paid,credit_card
PRM002208,P00147,C00057,35.00,monthly,Under 35,2025-11-09,2025-11-08,paid,credit_card
PRM002209,P00165,C00010,85.00,monthly,Under 35,2025-11-09,2025-11-06,paid,cheque
PRM002210,P00180,C00028,478.80,monthly,55-64,2025-11-09,2025-11-08,paid,credit_card
PRM002211,P00009,C00037,756.00,quarterly,55-64,2025-11-10,2025-11-10,paid,pad
PRM002212,P00049,C00038,288.00,monthly,65-74,2025-11-10,2025-11-08,paid,cheque
PRM002213,P00057,C00033,49.00,monthly,45-54,2025-11-10,2025-11-09,paid,credit_card
PRM002214,P00047,C00088,76.48,monthly,35-44,2025-11-11,2025-11-08,paid,pad
PRM002215,P00112,C00122,85.00,monthly,Under 35,2025-11-11,2025-11-25,late,cheque
PRM002216,P00124,C00119,280.80,monthly,65-74,2025-11-11,2025-11-09,paid,pad
PRM002217,P00130,C00142,$707.20 CAD,monthly,75+,2025-11-11,2025-11-09,paid,cheque
PRM002218,P00003,C00107,85.00,monthly,Under 35,2025-11-12,2025-11-10,paid,pad
PRM002219,P00122,C00118,112.00,monthly,75+,2025-11-12,2025-11-15,late,pad
PRM002220,P00173,C00051,448.00,monthly,75+,2025-11-12,2025-12-01,late,cheque
PRM002221,P00016,C00001,63.00,monthly,55-64,2025-11-13,2025-11-11,paid,pad
PRM002222,P00064,C00030,448.00,monthly,75+,2025-11-13,2025-11-10,paid,credit_card
PRM002223,P00074,C00020,638.40,monthly,65-74,2025-11-13,2025-11-10,paid,pad
PRM002224,P00132,C00108,49.00,monthly,45-54,2025-11-13,2025-11-10,paid,pad
PRM002225,P00138,C00105,196.00,monthly,45-54,2025-11-13,2025-11-19,late,credit_card
PRM002226,P00140,C00123,112.00,monthly,75+,2025-11-13,2025-11-12,paid,pad
PRM002227,P00179,C00083,448.00,monthly,75+,2025-11-13,2025-11-10,paid,cheque
PRM002228,P00058,C00077,69.00,monthly,35-44,2025-11-14,2025-11-12,paid,cheque
PRM002229,P00123,C00042,108.00,monthly,55-64,11/14/2025,2025-11-28,late,credit_card
PRM002230,P00007,C00140,127.40,monthly,45-54,2025-11-15,2025-11-13,paid,credit_card
PRM002231,P00041,C00130,98.32,monthly,35-44,2025-11-15,2025-11-15,paid,credit_card
PRM002232,P00059,C00124,85.50,monthly,Under 35,2025-11-15,2025-11-14,paid,pad
PRM002233,P00100,C00036,5376.00,yearly,75+,2025-11-15,2025-11-14,paid,credit_card
PRM002234,P00118,C00146,530.40,monthly,65-74,2025-11-15,2025-11-14,paid,credit_card
PRM002235,P00137,C00064,397.80,monthly,55-64,2025-11-15,2025-11-13,paid,pad
PRM002236,P00176,C00081,120.75,quarterly,35-44,2025-11-15,2025-11-13,paid,credit_card
PRM002237,P00020,C00131,638.40,monthly,65-74,2025-11-16,2025-11-14,paid,cheque
PRM002238,P00048,C00041,207.00,quarterly,35-44,2025-11-16,2025-11-15,paid,pad
PRM002239,P00156,C00127,266.00,monthly,Under 35,2025-11-16,2025-11-16,paid,pad
PRM002240,P00060,C00047,1123.20,quarterly,75+,2025-11-17,2025-11-17,paid,pad
PRM002241,P00108,C00060,85.00,monthly,Under 35,2025-11-17,2025-11-17,paid,credit_card
PRM002242,P00142,C00091,161.50,monthly,Under 35,2025-11-17,2025-11-16,paid,credit_card
PRM002243,P00174,C00031,243.00,quarterly,55-64,2025-11-17,2025-11-14,paid,pad
PRM002244,P00025,C00085,499.20,monthly,75+,2025-11-18,2025-11-15,paid,pad
PRM002245,P00035,C00050,84.00,monthly,65-74,2025-11-18,2025-11-17,paid,credit_card
PRM002246,P00154,C00123,374.40,monthly,75+,2025-11-18,2025-11-16,paid,cheque
PRM002247,P00045,C00103,131.10,monthly,35-44,2025-11-19,2025-11-18,paid,cheque
PRM002248,P00120,C00021,262.20,monthly,35-44,2025-11-19,2025-11-17,paid,credit_card
PRM002249,P00149,C00011,678.30,quarterly,45-54,2025-11-19,2025-11-18,paid,credit_card
PRM002250,P00001,C00151,384.00,monthly,75+,2025-11-20,2025-11-17,paid,pad
PRM002251,P00005,C00041,97.75,monthly,35-44,2025-11-20,2025-11-17,paid,credit_card
PRM002252,P00010,C00065,168.00,monthly,45-54,2025-11-20,2025-11-18,paid,credit_card
PRM002253,P00098,C00089,192.00,monthly,75+,2025-11-20,2025-11-17,paid,pad
PRM002254,P00076,C00021,262.20,monthly,35-44,2025-11-21,2025-11-18,paid,cheque
PRM002255,P00042,C00129,478.80,monthly,55-64,2025-11-22,2025-12-11,late,credit_card
PRM002256,P00086,C00109,374.40,monthly,75+,2025-11-22,,missed,
PRM002257,P00090,C00012,216.00,monthly,55-64,2025-11-22,2025-11-19,paid,credit_card
PRM002258,P00028,C00138,80.50,monthly,35-44,2025-11-23,2025-11-22,paid,pad
PRM002259,P00114,C00025,84.00,monthly,65-74,2025-11-23,2025-11-20,paid,pad
PRM002260,P00151,C00091,364.00,monthly,Under 35,2025-11-23,2025-11-23,paid,cheque
PRM002261,P00029,C00044,189.00,quarterly,45-54,2025-11-24,2025-12-03,late,pad
PRM002262,P00145,C00150,108.00,monthly,55-64,2025-11-24,2025-11-21,paid,credit_card
PRM002263,P00044,C00128,138.00,monthly,35-44,2025-11-25,2025-11-22,paid,cheque
PRM002264,P00119,C00094,108.00,monthly,55-64,2025-11-25,2025-11-22,paid,pad
PRM002265,P00125,C00027,336.00,monthly,65-74,2025-11-25,2025-11-30,late,credit_card
PRM002266,P00159,C00004,254.15,monthly,35-44,2025-11-25,2025-11-24,paid,credit_card
PRM002267,P00014,C00040,108.00,monthly,65-74,2025-11-26,2025-11-26,paid,cheque
PRM002268,P00043,C00060,91.00,monthly,Under 35,2025-11-26,2025-11-25,paid,pad
PRM002269,P00073,C00111,210.60,monthly,55-64,2025-11-26,2025-11-24,paid,pad
PRM002270,P00078,C00113,205.20,monthly,55-64,2025-11-26,2025-11-26,paid,credit_card
PRM002271,P00097,C00068,461.70,quarterly,55-64,2025-11-26,2025-11-26,paid,cheque
PRM002272,P00117,C00014,112.00,monthly,75+,2025-11-26,2025-11-24,paid,cheque
PRM002273,P00069,C00005,384.00,monthly,75+,2025-11-27,2025-11-27,paid,credit_card
PRM002274,P00092,C00126,45.00,monthly,Under 35,2025-11-27,2025-11-25,paid,pad
PRM002275,P00096,C00008,63.00,monthly,55-64,2025-11-27,2025-11-27,paid,cheque
PRM002276,P00148,C00002,384.00,monthly,75+,2025-11-27,2025-11-24,paid,cheque
PRM002277,P00018,C00149,117.00,monthly,Under 35,2025-11-28,2025-11-27,Paid ,cheque
PRM002278,P00046,C00149,364.00,monthly,Under 35,2025-11-28,2025-12-24,late,cheque
PRM002279,P00050,C00034,66.50,monthly,Under 35,2025-11-28,2025-11-26,paid,credit_card
PRM002280,P00054,C00150,290.70,monthly,55-64,2025-11-28,2025-11-26,paid,pad
PRM002281,P00077,C00147,91.00,monthly,Under 35,2025-11-28,2025-11-27,paid,credit_card
PRM002282,P00101,C00068,63.00,monthly,55-64,2025-11-28,2025-11-27,paid,cheque
PRM002283,P00110,C00093,112.00,monthly,75+,2025-11-28,2025-12-09,late,cheque
PRM002284,P00121,C00063,63.00,monthly,55-64,2025-11-28,,missed,
PRM002285,P00158,C00008,290.70,monthly,55-64,2025-11-28,2025-11-28,paid,pad
PRM002286,P00177,C00095,76.48,monthly,35-44,2025-11-28,2025-11-27,paid,pad
PRM002287,P00026,C00058,410.40,monthly,55-64,11/29/2025,2025-11-26,paid,pad
PRM002288,P00070,C00041,917.70,yearly,35-44,2025-11-30,2025-11-29,paid,credit_card
PRM002289,P00095,C00085,851.20,monthly,75+,2025-11-30,2025-11-30,paid,credit_card
PRM002290,P00171,C00076,272.00,monthly,75+,2025-12-01,2025-11-29,paid,credit_card
PRM002291,P00013,C00034,161.50,monthly,Under 35,2025-12-02,2025-12-16,late,cheque
PRM002292,P00015,C00059,272.00,monthly,75+,2025-12-02,2025-12-02,paid,cheque
PRM002293,P00023,C00058,108.00,monthly,55-64,2025-12-02,2025-11-30,paid,cheque
PRM002294,P00030,C00139,60.00,monthly,Under 35,2025-12-02,2025-11-30,paid,pad
PRM002295,P00111,C00134,140.00,monthly,Under 35,2025-12-02,2025-11-29,paid,credit_card
PRM002296,P00126,C00089,272.00,monthly,75+,2025-12-02,2025-11-30,paid,pad
PRM002297,P00027,C00025,84.00,monthly,65-74,2025-12-03,2025-12-03,paid,cheque
PRM002298,P00037,C00102,45.00,monthly,Under 35,2025-12-03,2025-12-01,paid,cheque
PRM002299,P00038,C00022,84.00,monthly,45-54,2025-12-03,2025-12-01,paid,credit_card
PRM002300,P00075,C00100,144.00,monthly,75+,2025-12-03,2025-11-30,paid,pad
PRM002301,P00087,C00023,76.48,monthly,35-44,2025-12-03,2025-12-01,paid,credit_card
PRM002302,P00105,C00106,272.00,monthly,75+,2025-12-03,2025-12-02,paid,cheque
PRM002303,P00144,C00131,205.20,monthly,65-74,2025-12-03,2025-12-03,paid,cheque
PRM002304,P00019,C00014,272.00,monthly,75+,2025-12-04,2025-12-04,paid,pad
PRM002305,P00051,C00033,168.00,monthly,45-54,2025-12-04,2025-12-03,paid,credit_card
PRM002306,P00055,C00117,117.00,monthly,Under 35,2025-12-04,2025-12-01,paid,pad
PRM002307,P00072,C00070,91.00,monthly,Under 35,2025-12-04,2025-12-03,paid,pad
PRM002308,P00088,C00100,1550.40,quarterly,75+,2025-12-04,2025-12-04,paid,credit_card
PRM002309,P00127,C00041,51.75,monthly,35-44,2025-12-04,2025-12-03,paid,credit_card
PRM002310,P00160,C00018,85.00,monthly,Under 35,2025-12-04,2025-12-10,late,pad
PRM002311,P00022,C00006,144.00,monthly,65-74,2025-12-05,2025-12-02,paid,pad
PRM002312,P00081,C00066,218.40,monthly,45-54,2025-12-05,2025-12-02,paid,cheque
PRM002313,P00093,C00023,134.55,monthly,35-44,2025-12-05,2025-12-04,paid,pad
PRM002314,P00164,C00084,499.20,monthly,75+,2025-12-05,2025-12-02,paid,credit_card
PRM002315,P00082,C00143,63.00,monthly,45-54,2025-12-06,2025-12-03,paid,cheque
PRM002316,P00135,C00135,448.00,monthly,75+,2025-12-06,2025-12-23,late,cheque
PRM002317,P00065,C00047,192.00,monthly,75+,2025-12-07,2025-12-04,paid,cheque
PRM002318,P00094,C00056,45.00,monthly,Under 35,2025-12-07,2025-12-04,paid,credit_card
PRM002319,P00133,C00097,530.40,monthly,65-74,2025-12-07,2025-12-05,paid,cheque
PRM002320,P00136,C00102,45.00,monthly,Under 35,2025-12-07,2025-12-07,paid,cheque
PRM002321,P00170,C00098,2872.80,yearly,55-64,2025-12-07,2025-12-07,paid,cheque
PRM002322,P00104,C00100,112.00,monthly,75+,2025-12-08,2025-12-08,paid,cheque
PRM002323,P00106,C00045,185.72,monthly,35-44,2025-12-08,2025-12-06,paid,cheque
PRM002324,P00152,C00093,384.00,monthly,75+,2025-12-08,2025-12-05,paid,pad
PRM002325,P00024,C00013,358.80,monthly,35-44,2025-12-09,2025-12-29,late,cheque
PRM002326,P00085,C00054,384.00,monthly,75+,2025-12-09,2025-12-08,paid,credit_card
PRM002327,P00089,C00099,189.00,quarterly,45-54,2025-12-09,2025-12-06,paid,cheque
PRM002328,P00131,C00067,45.00,monthly,Under 35,2025-12-09,2025-12-18,late,pad
PRM002329,P00147,C00057,35.00,monthly,Under 35,2025-12-09,,missed,
PRM002330,P00165,C00010,85.00,monthly,Under 35,2025-12-09,2025-12-08,paid,pad
PRM002331,P00180,C00028,478.80,monthly,55-64,2025-12-09,2025-12-09,paid,credit_card
PRM002332,P00049,C00038,288.00,monthly,65-74,2025-12-10,2025-12-10,paid,cheque
PRM002333,P00057,C00033,49.00,monthly,45-54,2025-12-10,2025-12-09,paid,credit_card
PRM002334,P00143,C00064,160.00,single,55-64,2025-12-10,2025-12-09,paid,pad
PRM002335,P00175,C00024,180.00,quarterly,Under 35,2025-12-10,2025-12-17,late,credit_card
PRM002336,P00047,C00088,76.48,monthly,35-44,2025-12-11,2025-12-11,paid,credit_card
PRM002337,P00112,C00122,85.00,monthly,Under 35,2025-12-11,2025-12-08,paid,credit_card
PRM002338,P00124,C00119,280.80,monthly,65-74,2025-12-11,2025-12-11,paid,credit_card
PRM002339,P00130,C00142,707.20,monthly,75+,2025-12-11,2025-12-10,paid,cheque
PRM002340,P00003,C00107,85.00,monthly,Under 35,2025-12-12,2025-12-11,paid,credit_card
PRM002341,P00122,C00118,112.00,monthly,75+,2025-12-12,2025-12-11,paid,pad
PRM002342,P00173,C00051,448.00,monthly,75+,2025-12-12,2025-12-09,paid,cheque
PRM002343,P00016,C00001,63.00,monthly,55-64,2025-12-13,,missed,
PRM002344,P00064,C00030,448.00,monthly,75+,2025-12-13,2025-12-13,paid,pad
PRM002345,P00066,C00064,842.40,quarterly,55-64,2025-12-13,2025-12-11,paid,credit_card
PRM002346,P00074,C00020,638.40,monthly,65-74,2025-12-13,2025-12-11,paid,pad
PRM002347,P00080,C00042,615.60,quarterly,55-64,2025-12-13,2025-12-11,paid,pad
PRM002348,P00132,C00108,49.00,monthly,45-54,2025-12-13,2025-12-12,paid,pad
PRM002349,P00138,C00105,196.00,monthly,45-54,2025-12-13,2025-12-12,paid,credit_card
PRM002350,P00140,C00123,112.00,monthly,75+,2025-12-13,2025-12-10,paid,pad
PRM002351,P00179,C00083,448.00,monthly,75+,2025-12-13,2025-12-11,paid,pad
PRM002352,P00058,C00077,69.00,monthly,35-44,2025-12-14,2025-12-11,paid,cheque
PRM002353,P00123,C00042,108.00,monthly,55-64,2025-12-14,2025-12-12,paid,cheque
PRM002354,P00007,C00140,127.40,monthly,45-54,2025-12-15,2025-12-12,paid,cheque
PRM002355,P00041,C00130,98.32,monthly,35-44,2025-12-15,2025-12-13,paid,pad
PRM002356,P00059,C00124,85.50,monthly,Under 35,2025-12-15,,missed,
PRM002357,P00107,C00099,491.40,quarterly,45-54,2025-12-15,2025-12-14,paid,credit_card
PRM002358,P00118,C00146,530.40,monthly,65-74,2025-12-15,2025-12-12,paid,cheque
PRM002359,P00137,C00064,397.80,monthly,55-64,2025-12-15,2025-12-15,paid,pad
PRM002360,P00020,C00131,638.40,monthly,65-74,2025-12-16,2025-12-14,paid,pad
PRM002361,P00156,C00127,266.00,monthly,Under 35,2025-12-16,2025-12-16,paid,cheque
PRM002362,P00108,C00060,85.00,monthly,Under 35,2025-12-17,2025-12-17,paid,pad
PRM002363,P00142,C00091,161.50,monthly,Under 35,2025-12-17,2025-12-16,paid,pad
PRM002364,P00025,C00085,499.20,monthly,75+,2025-12-18,2025-12-18,paid,cheque
PRM002365,P00035,C00050,84.00,monthly,65-74,2025-12-18,2025-12-15,paid,cheque
PRM002366,P00154,C00123,374.40,monthly,75+,2025-12-18,2025-12-15,paid,pad
PRM002367,P00172,C00137,842.40,quarterly,65-74,2025-12-18,2025-12-16,paid,cheque
PRM002368,P00045,C00103,131.10,monthly,35-44,2025-12-19,2025-12-18,paid,cheque
PRM002369,P00120,C00021,262.20,monthly,35-44,2025-12-19,2025-12-17,paid,credit_card
PRM002370,P00001,C00151,384.00,monthly,75+,2025-12-20,2025-12-20,paid,pad
PRM002371,P00005,C00041,97.75,monthly,35-44,2025-12-20,2025-12-19,paid,pad
PRM002372,P00010,C00065,168.00,monthly,45-54,2025-12-20,2025-12-20,paid,credit_card
PRM002373,P00098,C00089,192.00,monthly,75+,2025-12-20,2025-12-19,paid,pad
PRM002374,P00128,C00006,324.00,quarterly,65-74,2025-12-20,2025-12-18,paid,credit_card
PRM002375,P00076,C00021,262.20,monthly,35-44,2025-12-21,2025-12-19,paid,cheque
PRM002376,P00042,C00129,478.80,monthly,55-64,2025-12-22,2025-12-19,paid,credit_card
PRM002377,P00086,C00109,374.40,monthly,75+,2025-12-22,2025-12-26,late,credit_card
PRM002378,P00090,C00012,216.00,monthly,55-64,2025-12-22,2025-12-22,paid,pad
PRM002379,P00028,C00138,80.50,monthly,35-44,2025-12-23,2025-12-23,paid,cheque
PRM002380,p00056 ,C00003,$120.00 CAD,monthly,Under 35,2025-12-23,2025-12-22,Paid ,credit_card
PRM002381,P00114,C00025,84.00,monthly,65-74,2025-12-23,2025-12-28,late,cheque
PRM002382,P00151,C00091,364.00,monthly,Under 35,2025-12-23,2025-12-23,paid,credit_card
PRM002383,P00145,C00150,108.00,monthly,55-64,2025-12-24,2025-12-24,paid,cheque
PRM002384,P00044,C00128,138.00,monthly,35-44,2025-12-25,2025-12-25,paid,pad
PRM002385,P00119,C00094,108.00,monthly,55-64,2025-12-25,2025-12-24,paid,pad
PRM002386,P00125,C00027,336.00,monthly,65-74,2025-12-25,,missed,
PRM002387,P00159,C00004,254.15,monthly,35-44,2025-12-25,2025-12-22,paid,cheque
PRM002388,P00014,C00040,108.00,monthly,65-74,2025-12-26,2025-12-24,paid,pad
PRM002389,P00043,C00060,91.00,monthly,Under 35,2025-12-26,2025-12-24,paid,credit_card
PRM002390,P00073,C00111,210.60,monthly,55-64,2025-12-26,2025-12-26,paid,cheque
PRM002391,P00078,C00113,205.20,monthly,55-64,2025-12-26,2025-12-30,late,credit_card
PRM002392,P00117,C00014,112.00,monthly,75+,2025-12-26,2026-01-01,late,credit_card
PRM002393,P00069,C00005,384.00,monthly,75+,2025-12-27,2025-12-24,paid,pad
PRM002394,P00092,C00126,45.00,monthly,Under 35,2025-12-27,2025-12-27,paid,cheque
PRM002395,P00096,C00008,63.00,monthly,55-64,2025-12-27,2025-12-27,paid,cheque
PRM002396,P00148,C00002,384.00,monthly,75+,2025-12-27,2025-12-26,paid,pad
PRM002397,P00018,C00149,117.00,monthly,Under 35,2025-12-28,2025-12-26,paid,pad
PRM002398,P00046,C00149,364.00,monthly,Under 35,2025-12-28,2026-01-28,late,credit_card
PRM002399,P00050,C00034,66.50,monthly,Under 35,2025-12-28,,missed,
PRM002400,P00054,C00150,290.70,monthly,55-64,2025-12-28,2025-12-25,paid,credit_card
PRM002401,P00077,C00147,91.00,monthly,Under 35,2025-12-28,2025-12-27,paid,cheque
PRM002402,P00101,C00068,63.00,monthly,55-64,2025-12-28,2025-12-26,paid,pad
PRM002403,P00110,C00093,112.00,monthly,75+,2025-12-28,2025-12-28,paid,credit_card
PRM002404,P00121,C00063,63.00,monthly,55-64,2025-12-28,2025-12-27,paid,pad
PRM002405,P00158,C00008,290.70,monthly,55-64,2025-12-28,2025-12-25,paid,pad
PRM002406,P00177,C00095,76.48,monthly,35-44,2025-12-28,2025-12-25,paid,cheque
PRM002407,P00026,C00058,410.40,monthly,55-64,2025-12-29,2026-01-06,late,cheque
PRM002408,P00095,C00085,851.20,monthly,75+,2025-12-30,2025-12-30,paid,cheque
PRM002409,P00053,C00104,1008.00,quarterly,65-74,2026-01-01,2026-01-01,paid,cheque
PRM002410,P00171,C00076,272.00,monthly,75+,2026-01-01,2025-12-30,paid,credit_card
PRM002411,P00013,C00034,161.50,monthly,Under 35,2026-01-02,2025-12-31,paid,pad
PRM002412,P00015,C00059,272.00,monthly,75+,2026-01-02,2025-12-31,paid,pad
PRM002413,P00023,C00058,108.00,monthly,55-64,2026-01-02,2026-01-01,paid,credit_card
PRM002414,P00030,C00139,60.00,monthly,Under 35,2026-01-02,2025-12-31,paid,cheque
PRM002415,P00111,C00134,140.00,monthly,Under 35,2026-01-02,2026-01-02,paid,cheque
PRM002416,P00126,C00089,272.00,monthly,75+,2026-01-02,2026-01-01,paid,pad
PRM002417,P00027,C00025,84.00,monthly,65-74,2026-01-03,2026-01-03,paid,pad
PRM002418,P00037,C00102,45.00,monthly,Under 35,2026-01-03,2026-01-02,paid,pad
PRM002419,P00038,C00022,84.00,monthly,45-54,2026-01-03,2025-12-31,paid,cheque
PRM002420,P00075,C00100,144.00,monthly,75+,2026-01-03,2025-12-31,paid,cheque
PRM002421,P00083,C00115,576.00,quarterly,75+,2026-01-03,2026-01-03,paid,cheque
PRM002422,P00087,C00023,76.48,monthly,35-44,2026-01-03,2026-01-03,paid,credit_card
PRM002423,P00105,C00106,272.00,monthly,75+,2026-01-03,2026-01-03,paid,credit_card
PRM002424,P00144,C00131,205.20,monthly,65-74,2026-01-03,2026-01-03,paid,credit_card
PRM002425,P00011,C00109,2304.00,yearly,75+,2026-01-04,2026-01-01,paid,pad
PRM002426,P00019,C00014,272.00,monthly,75+,2026-01-04,2026-01-03,paid,cheque
PRM002427,P00051,C00033,168.00,monthly,45-54,2026-01-04,2026-01-03,paid,pad
PRM002428,P00055,C00117,117.00,monthly,Under 35,2026-01-04,2026-01-04,paid,cheque
PRM002429,P00072,C00070,91.00,monthly,Under 35,2026-01-04,2026-01-02,paid,cheque
PRM002430,P00127,C00041,51.75,monthly,35-44,2026-01-04,2026-01-01,paid,cheque
PRM002431,P00160,C00018,85.00,monthly,Under 35,2026-01-04,2026-01-02,paid,credit_card
PRM002432,P00022,C00006,144.00,monthly,65-74,2026-01-05,2026-01-02,paid,pad
PRM002433,P00081,C00066,218.40,monthly,45-54,2026-01-05,2026-01-24,late,cheque
PRM002434,P00093,C00023,134.55,monthly,35-44,2026-01-05,2026-01-03,paid,pad
PRM002435,P00116,C00037,189.00,quarterly,55-64,2026-01-05,2026-01-02,paid,credit_card
PRM002436,P00164,C00084,499.20,monthly,75+,2026-01-05,2026-01-02,paid,pad
PRM002437,P00002,C00152,2553.60,quarterly,75+,2026-01-06,2026-01-03,paid,pad
PRM002438,P00082,C00143,63.00,monthly,45-54,2026-01-06,2026-01-04,paid,pad
PRM002439,P00135,C00135,448.00,monthly,75+,2026-01-06,2026-01-03,paid,pad
PRM002440,P00065,C00047,192.00,monthly,75+,2026-01-07,2026-01-06,paid,pad
PRM002441,P00094,C00056,45.00,monthly,Under 35,2026-01-07,2026-01-06,paid,pad
PRM002442,P00133,C00097,530.40,monthly,65-74,2026-01-07,2026-01-06,paid,credit_card
PRM002443,P00136,C00102,45.00,monthly,Under 35,2026-01-07,2026-01-05,paid,cheque
PRM002444,P00036,C00122,199.50,quarterly,Under 35,2026-01-08,2026-01-08,paid,pad
PRM002445,P00062,C00096,255.00,quarterly,Under 35,2026-01-08,2026-01-28,late,cheque
PRM002446,P00104,C00100,112.00,monthly,75+,2026-01-08,2026-01-06,paid,cheque
PRM002447,P00106,C00045,185.72,monthly,35-44,2026-01-08,2026-01-08,paid,pad
PRM002448,P00134,C00093,336.00,quarterly,75+,2026-01-08,2026-01-06,paid,credit_card
PRM002449,p00152 ,C00093,384.00,monthly,75+,2026-01-08,2026-01-08,paid,pad
PRM002450,P00024,C00013,358.80,monthly,35-44,2026-01-09,2026-01-07,paid,cheque
PRM002451,P00052,C00082,1344.00,quarterly,75+,2026-01-09,2026-01-07,paid,cheque
PRM002452,P00067,C00064,459.00,quarterly,55-64,2026-01-09,2026-01-08,paid,cheque
PRM002453,P00085,C00054,384.00,monthly,75+,2026-01-09,2026-01-08,paid,pad
PRM002454,P00131,C00067,45.00,monthly,Under 35,2026-01-09,2026-01-06,paid,pad
PRM002455,P00139,C00035,1296.00,yearly,65-74,2026-01-09,2026-01-06,paid,cheque
PRM002456,P00147,C00057,35.00,monthly,Under 35,2026-01-09,,missed,
PRM002457,P00165,C00010,85.00,monthly,Under 35,2026-01-09,2026-01-09,paid,pad
PRM002458,P00180,C00028,478.80,monthly,55-64,2026-01-09,2026-01-09,paid,credit_card
PRM002459,P00049,C00038,288.00,monthly,65-74,2026-01-10,2026-01-08,paid,cheque
PRM002460,P00057,C00033,49.00,monthly,45-54,2026-01-10,2026-01-10,Paid ,cheque
PRM002461,P00047,C00088,76.48,monthly,35-44,2026-01-11,2026-01-10,paid,pad
PRM002462,P00112,C00122,85.00,monthly,Under 35,2026-01-11,2026-01-10,paid,cheque
PRM002463,P00124,C00119,280.80,monthly,65-74,2026-01-11,2026-01-08,paid,pad
PRM002464,P00130,C00142,707.20,monthly,75+,2026-01-11,2026-01-11,paid,pad
PRM002465,P00003,C00107,85.00,monthly,Under 35,2026-01-12,2026-01-12,paid,pad
PRM002466,P00122,C00118,112.00,monthly,75+,2026-01-12,2026-01-10,paid,cheque
PRM002467,P00173,C00051,448.00,monthly,75+,2026-01-12,2026-01-19,late,credit_card
PRM002468,P00016,C00001,63.00,monthly,55-64,2026-01-13,2026-01-13,paid,pad
PRM002469,P00064,C00030,448.00,monthly,75+,2026-01-13,2026-01-10,paid,credit_card
PRM002470,P00074,C00020,638.40,monthly,65-74,2026-01-13,2026-01-10,paid,cheque
PRM002471,P00091,C00090,917.70,quarterly,35-44,2026-01-13,2026-01-18,late,pad
PRM002472,P00132,C00108,49.00,monthly,45-54,2026-01-13,2026-01-13,paid,pad
PRM002473,P00138,C00105,196.00,monthly,45-54,2026-01-13,2026-01-10,paid,credit_card
PRM002474,P00140,C00123,112.00,monthly,75+,2026-01-13,2026-01-19,late,cheque
PRM002475,P00179,C00083,448.00,monthly,75+,2026-01-13,2026-01-13,paid,cheque
PRM002476,P00058,C00077,69.00,monthly,35-44,2026-01-14,2026-01-11,paid,credit_card
PRM002477,P00123,C00042,108.00,monthly,55-64,2026-01-14,2026-01-12,paid,cheque
PRM002478,P00007,C00140,127.40,monthly,45-54,2026-01-15,2026-01-13,paid,cheque
PRM002479,P00041,C00130,98.32,monthly,35-44,2026-01-15,2026-01-14,paid,credit_card
PRM002480,P00059,C00124,85.50,monthly,Under 35,2026-01-15,2026-01-14,paid,cheque
PRM002481,P00118,C00146,530.40,monthly,65-74,2026-01-15,2026-01-13,paid,cheque
PRM002482,P00137,C00064,397.80,monthly,55-64,2026-01-15,2026-01-12,paid,credit_card
PRM002483,P00020,C00131,638.40,monthly,65-74,2026-01-16,2026-01-14,paid,cheque
PRM002484,P00156,C00127,266.00,monthly,Under 35,2026-01-16,2026-01-13,paid,cheque
PRM002485,P00008,C00145,105.00,quarterly,Under 35,2026-01-17,2026-01-17,paid,cheque
PRM002486,P00108,C00060,85.00,monthly,Under 35,2026-01-17,2026-01-17,paid,cheque
PRM002487,P00141,C00092,229.42,quarterly,35-44,2026-01-17,2026-01-15,paid,cheque
PRM002488,P00142,C00091,161.50,monthly,Under 35,2026-01-17,2026-01-17,paid,credit_card
PRM002489,P00025,C00085,499.20,monthly,75+,01/18/2026,2026-01-15,paid,cheque
PRM002490,P00035,C00050,84.00,monthly,65-74,2026-01-18,2026-01-15,paid,pad
PRM002491,P00154,C00123,374.40,monthly,75+,2026-01-18,2026-01-17,paid,cheque
PRM002492,P00045,C00103,131.10,monthly,35-44,2026-01-19,2026-01-16,paid,credit_card
PRM002493,P00103,C00141,484.50,quarterly,Under 35,2026-01-19,2026-01-17,paid,pad
PRM002494,P00120,C00021,262.20,monthly,35-44,2026-01-19,2026-01-18,paid,pad
PRM002495,P00001,C00151,384.00,monthly,75+,2026-01-20,2026-01-18,paid,pad
PRM002496,P00005,C00041,97.75,monthly,35-44,2026-01-20,2026-01-17,paid,credit_card
PRM002497,P00010,C00065,216.00,monthly,55-64,2026-01-20,2026-01-18,paid,pad
PRM002498,P00098,C00089,192.00,monthly,75+,2026-01-20,2026-01-18,paid,cheque
PRM002499,P00076,C00021,262.20,monthly,35-44,01/21/2026,2026-01-20,paid,cheque
PRM002500,P00042,C00129,$478.80 CAD,monthly,55-64,01/22/2026,2026-01-20,paid,cheque
PRM002501,P00086,C00109,374.40,monthly,75+,2026-01-22,2026-02-13,late,cheque
PRM002502,P00090,C00012,216.00,monthly,55-64,2026-01-22,2026-01-19,paid,pad
PRM002503,P00028,C00138,80.50,monthly,35-44,2026-01-23,2026-01-22,paid,cheque
PRM002504,P00056,C00003,120.00,monthly,Under 35,2026-01-23,2026-01-22,paid,credit_card
PRM002505,P00114,C00025,84.00,monthly,65-74,2026-01-23,2026-01-22,paid,cheque
PRM002506,P00151,C00091,364.00,monthly,Under 35,2026-01-23,2026-01-23,paid,credit_card
PRM002507,P00162,C00070,798.00,quarterly,Under 35,2026-01-23,2026-01-21,paid,cheque
PRM002508,P00145,C00150,108.00,monthly,55-64,2026-01-24,2026-01-22,paid,credit_card
PRM002509,P00044,C00128,138.00,monthly,35-44,2026-01-25,2026-01-23,paid,pad
PRM002510,P00119,C00094,108.00,monthly,55-64,2026-01-25,2026-01-25,paid,credit_card
PRM002511,P00125,C00027,336.00,monthly,65-74,2026-01-25,2026-01-24,paid,credit_card
PRM002512,P00159,C00004,254.15,monthly,35-44,2026-01-25,2026-01-25,paid,credit_card
PRM002513,P00014,C00040,108.00,monthly,65-74,2026-01-26,2026-01-24,paid,pad
PRM002514,P00043,C00060,91.00,monthly,Under 35,2026-01-26,2026-01-23,paid,credit_card
PRM002515,P00073,C00111,210.60,monthly,55-64,2026-01-26,2026-01-25,paid,cheque
PRM002516,P00078,C00113,205.20,monthly,55-64,2026-01-26,2026-01-24,paid,pad
PRM002517,P00117,C00014,112.00,monthly,75+,2026-01-26,2026-01-26,paid,credit_card
PRM002518,P00069,C00005,384.00,monthly,75+,2026-01-27,2026-01-26,paid,cheque
PRM002519,P00092,C00126,45.00,monthly,Under 35,2026-01-27,2026-01-25,paid,pad
PRM002520,P00096,C00008,63.00,monthly,55-64,2026-01-27,2026-01-24,paid,credit_card
PRM002521,P00148,C00002,384.00,monthly,75+,2026-01-27,2026-01-24,paid,pad
PRM002522,P00018,C00149,117.00,monthly,Under 35,2026-01-28,,missed,
PRM002523,P00046,C00149,364.00,monthly,Under 35,2026-01-28,2026-01-26,paid,credit_card
PRM002524,P00050,C00034,66.50,monthly,Under 35,2026-01-28,2026-01-25,paid,pad
PRM002525,P00054,C00150,290.70,monthly,55-64,2026-01-28,2026-01-27,paid,credit_card
PRM002526,P00077,C00147,91.00,monthly,Under 35,2026-01-28,2026-01-26,paid,credit_card
PRM002527,P00101,C00068,63.00,monthly,55-64,2026-01-28,2026-01-25,paid,credit_card
PRM002528,P00110,C00093,112.00,monthly,75+,2026-01-28,2026-01-26,paid,credit_card
PRM002529,P00121,C00063,63.00,monthly,55-64,2026-01-28,2026-01-28,paid,pad
PRM002530,P00158,C00008,290.70,monthly,55-64,2026-01-28,2026-01-28,paid,credit_card
PRM002531,P00177,C00095,76.48,monthly,35-44,2026-01-28,2026-01-27,paid,cheque
PRM002532,P00026,C00058,410.40,monthly,55-64,2026-01-29,2026-01-27,paid,credit_card
PRM002533,P00095,C00085,851.20,monthly,75+,2026-01-30,2026-01-28,paid,pad
PRM002534,P00171,C00076,272.00,monthly,75+,2026-02-01,2026-02-01,paid,pad
PRM002535,P00013,C00034,161.50,monthly,Under 35,2026-02-02,2026-02-02,paid,credit_card
PRM002536,P00015,C00059,272.00,monthly,75+,2026-02-02,2026-01-30,paid,cheque
PRM002537,P00023,C00058,108.00,monthly,55-64,2026-02-02,2026-01-30,paid,credit_card
PRM002538,P00030,C00139,60.00,monthly,Under 35,2026-02-02,2026-01-30,paid,cheque
PRM002539,P00111,C00134,140.00,monthly,Under 35,2026-02-02,2026-02-01,paid,credit_card
PRM002540,P00126,C00089,272.00,monthly,75+,2026-02-02,2026-02-02,paid,pad
PRM002541,P00027,C00025,84.00,monthly,65-74,2026-02-03,2026-02-01,paid,pad
PRM002542,P00037,C00102,45.00,monthly,Under 35,2026-02-03,2026-02-01,paid,credit_card
PRM002543,P00038,C00022,84.00,monthly,45-54,2026-02-03,2026-02-02,paid,cheque
PRM002544,P00075,C00100,144.00,monthly,75+,2026-02-03,2026-02-01,paid,credit_card
PRM002545,P00087,C00023,76.48,monthly,35-44,2026-02-03,2026-01-31,paid,pad
PRM002546,P00102,C00148,655.20,quarterly,65-74,2026-02-03,2026-02-02,paid,credit_card
PRM002547,P00105,C00106,272.00,monthly,75+,2026-02-03,2026-02-01,paid,pad
PRM002548,P00144,C00131,205.20,monthly,65-74,2026-02-03,2026-02-03,paid,pad
PRM002549,P00019,C00014,272.00,monthly,75+,2026-02-04,2026-02-02,paid,credit_card
PRM002550,P00051,C00033,168.00,monthly,45-54,2026-02-04,2026-02-22,late,credit_card
PRM002551,P00055,C00117,117.00,monthly,Under 35,2026-02-04,2026-02-02,paid,pad
PRM002552,P00072,C00070,91.00,monthly,Under 35,2026-02-04,2026-02-03,paid,cheque
PRM002553,P00127,C00041,51.75,monthly,35-44,2026-02-04,2026-02-03,paid,cheque
PRM002554,P00160,C00018,85.00,monthly,Under 35,2026-02-04,2026-02-03,paid,cheque
PRM002555,P00022,C00006,144.00,monthly,65-74,2026-02-05,2026-02-03,paid,cheque
PRM002556,P00081,C00066,218.40,monthly,45-54,2026-02-05,2026-02-03,paid,pad
PRM002557,P00093,C00023,134.55,monthly,35-44,2026-02-05,2026-02-03,paid,credit_card
PRM002558,P00164,C00084,499.20,monthly,75+,2026-02-05,2026-02-05,paid,cheque
PRM002559,P00082,C00143,63.00,monthly,45-54,2026-02-06,2026-02-04,Paid ,cheque
PRM002560,P00135,C00135,448.00,monthly,75+,2026-02-06,2026-02-13,late,pad
PRM002561,P00065,C00047,192.00,monthly,75+,2026-02-07,2026-02-06,paid,credit_card
PRM002562,P00094,C00056,45.00,monthly,Under 35,2026-02-07,2026-02-04,paid,pad
PRM002563,P00133,C00097,530.40,monthly,65-74,2026-02-07,2026-02-12,late,credit_card
PRM002564,P00136,C00102,45.00,monthly,Under 35,2026-02-07,2026-02-07,paid,cheque
PRM002565,P00104,C00100,112.00,monthly,75+,2026-02-08,2026-02-08,paid,credit_card
PRM002566,P00106,C00045,185.72,monthly,35-44,2026-02-08,2026-02-05,paid,cheque
PRM002567,P00152,C00093,384.00,monthly,75+,2026-02-08,2026-02-06,paid,cheque
PRM002568,P00024,C00013,358.80,monthly,35-44,2026-02-09,2026-02-07,paid,cheque
PRM002569,P00085,C00054,384.00,monthly,75+,2026-02-09,2026-02-08,paid,pad
PRM002570,P00131,C00067,45.00,monthly,Under 35,2026-02-09,2026-02-07,paid,cheque
PRM002571,P00147,C00057,35.00,monthly,Under 35,2026-02-09,2026-02-08,paid,cheque
PRM002572,P00165,C00010,85.00,monthly,Under 35,2026-02-09,2026-02-06,paid,cheque
PRM002573,P00180,C00028,478.80,monthly,55-64,2026-02-09,2026-02-09,paid,cheque
PRM002574,P00009,C00037,756.00,quarterly,55-64,2026-02-10,2026-02-10,paid,pad
PRM002575,P00049,C00038,288.00,monthly,65-74,2026-02-10,2026-02-07,paid,pad
PRM002576,P00057,C00033,49.00,monthly,45-54,2026-02-10,2026-02-23,late,pad
PRM002577,P00047,C00088,$76.48 CAD,monthly,35-44,2026-02-11,2026-02-11,Paid ,pad
PRM002578,P00112,C00122,85.00,monthly,Under 35,2026-02-11,2026-02-08,paid,cheque
PRM002579,P00124,C00119,280.80,monthly,65-74,2026-02-11,2026-02-11,paid,cheque
PRM002580,P00130,C00142,707.20,monthly,75+,2026-02-11,2026-02-08,paid,pad
PRM002581,P00003,C00107,85.00,monthly,Under 35,2026-02-12,2026-02-10,paid,credit_card
PRM002582,P00122,C00118,112.00,monthly,75+,2026-02-12,2026-03-10,late,credit_card
PRM002583,P00173,C00051,448.00,monthly,75+,2026-02-12,2026-02-11,paid,cheque
PRM002584,P00016,C00001,63.00,monthly,55-64,2026-02-13,,missed,
PRM002585,P00064,C00030,448.00,monthly,75+,2026-02-13,2026-02-12,paid,pad
PRM002586,P00074,C00020,638.40,monthly,65-74,2026-02-13,2026-02-13,paid,cheque
PRM002587,P00132,C00108,49.00,monthly,45-54,2026-02-13,2026-02-13,paid,pad
PRM002588,P00138,C00105,196.00,monthly,45-54,2026-02-13,2026-03-05,late,pad
PRM002589,P00140,C00123,112.00,monthly,75+,2026-02-13,2026-02-13,paid,credit_card
PRM002590,P00179,C00083,448.00,monthly,75+,2026-02-13,2026-02-10,paid,credit_card
PRM002591,P00058,C00077,69.00,monthly,35-44,2026-02-14,2026-02-14,paid,pad
PRM002592,P00123,C00042,108.00,monthly,55-64,2026-02-14,2026-02-13,paid,cheque
PRM002593,P00007,C00140,127.40,monthly,45-54,2026-02-15,2026-02-15,paid,cheque
PRM002594,P00041,C00130,98.32,monthly,35-44,2026-02-15,2026-02-14,paid,cheque
PRM002595,P00059,C00124,85.50,monthly,Under 35,2026-02-15,2026-02-12,paid,credit_card
PRM002596,P00118,C00146,530.40,monthly,65-74,2026-02-15,2026-02-15,paid,cheque
PRM002597,P00137,C00064,397.80,monthly,55-64,2026-02-15,2026-02-13,paid,cheque
PRM002598,P00176,C00081,120.75,quarterly,35-44,2026-02-15,2026-02-15,paid,pad
PRM002599,P00020,C00131,638.40,monthly,65-74,2026-02-16,2026-02-13,paid,pad
PRM002600,P00048,C00041,207.00,quarterly,35-44,2026-02-16,2026-02-20,late,credit_card
PRM002601,P00156,C00127,266.00,monthly,Under 35,2026-02-16,2026-02-28,late,credit_card
PRM002602,P00060,C00047,1123.20,quarterly,75+,2026-02-17,2026-02-15,paid,credit_card
PRM002603,P00108,C00060,85.00,monthly,Under 35,2026-02-17,2026-02-14,paid,cheque
PRM002604,P00142,C00091,161.50,monthly,Under 35,2026-02-17,2026-02-15,paid,cheque
PRM002605,P00174,C00031,243.00,quarterly,55-64,2026-02-17,2026-02-16,paid,pad
PRM002606,P00025,C00085,499.20,monthly,75+,2026-02-18,2026-02-15,paid,pad
PRM002607,P00035,C00050,84.00,monthly,65-74,2026-02-18,2026-02-17,paid,cheque
PRM002608,P00154,C00123,374.40,monthly,75+,2026-02-18,2026-02-18,paid,cheque
PRM002609,P00045,C00103,131.10,monthly,35-44,2026-02-19,2026-02-16,paid,pad
PRM002610,P00120,C00021,262.20,monthly,35-44,2026-02-19,2026-02-17,paid,pad
PRM002611,P00149,C00011,678.30,quarterly,45-54,2026-02-19,2026-02-18,paid,credit_card
PRM002612,P00001,C00151,384.00,monthly,75+,2026-02-20,2026-02-19,paid,cheque
PRM002613,P00005,C00041,97.75,monthly,35-44,2026-02-20,2026-02-17,paid,pad
PRM002614,P00010,C00065,216.00,monthly,55-64,2026-02-20,2026-02-20,paid,cheque
PRM002615,P00098,C00089,192.00,monthly,75+,2026-02-20,2026-02-20,paid,cheque
PRM002616,P00076,C00021,262.20,monthly,35-44,2026-02-21,2026-02-20,paid,credit_card
PRM002617,P00042,C00129,478.80,monthly,55-64,2026-02-22,2026-02-22,paid,credit_card
PRM002618,P00086,C00109,374.40,monthly,75+,2026-02-22,2026-02-25,late,cheque
PRM002619,P00090,C00012,216.00,monthly,55-64,2026-02-22,2026-02-21,paid,cheque
PRM002620,P00028,C00138,80.50,monthly,35-44,2026-02-23,2026-02-21,paid,credit_card
PRM002621,P00056,C00003,120.00,monthly,Under 35,2026-02-23,2026-03-04,late,cheque
PRM002622,P00114,C00025,84.00,monthly,65-74,2026-02-23,2026-02-22,paid,pad
PRM002623,P00151,C00091,364.00,monthly,Under 35,2026-02-23,2026-02-21,paid,credit_card
PRM002624,P00029,C00044,189.00,quarterly,45-54,2026-02-24,2026-02-22,paid,cheque
PRM002625,P00145,C00150,108.00,monthly,55-64,2026-02-24,2026-02-23,paid,credit_card
PRM002626,P00044,C00128,138.00,monthly,35-44,2026-02-25,2026-02-25,paid,cheque
PRM002627,P00119,C00094,108.00,monthly,55-64,2026-02-25,2026-02-22,paid,cheque
PRM002628,P00125,C00027,336.00,monthly,65-74,2026-02-25,2026-02-25,paid,credit_card
PRM002629,P00159,C00004,254.15,monthly,35-44,2026-02-25,2026-02-23,paid,credit_card
PRM002630,P00014,C00040,108.00,monthly,65-74,2026-02-26,2026-02-26,paid,cheque
PRM002631,P00043,C00060,91.00,monthly,Under 35,2026-02-26,2026-02-25,paid,pad
PRM002632,P00073,C00111,210.60,monthly,55-64,2026-02-26,2026-02-24,paid,credit_card
PRM002633,P00078,C00113,205.20,monthly,55-64,2026-02-26,2026-02-24,paid,pad
PRM002634,P00097,C00068,461.70,quarterly,55-64,2026-02-26,2026-03-12,late,pad
PRM002635,P00117,C00014,112.00,monthly,75+,2026-02-26,2026-02-23,paid,credit_card
PRM002636,P00069,C00005,384.00,monthly,75+,2026-02-27,2026-02-25,paid,cheque
PRM002637,P00092,C00126,45.00,monthly,Under 35,2026-02-27,2026-02-27,paid,pad
PRM002638,P00096,C00008,63.00,monthly,55-64,2026-02-27,2026-02-25,paid,credit_card
PRM002639,P00148,C00002,384.00,monthly,75+,2026-02-27,2026-02-26,paid,credit_card
PRM002640,P00018,C00149,117.00,monthly,Under 35,2026-02-28,2026-03-21,late,pad
PRM002641,P00026,C00058,410.40,monthly,55-64,02/28/2026,2026-02-27,paid,pad
PRM002642,P00046,C00149,364.00,monthly,Under 35,2026-02-28,2026-03-12,late,pad
PRM002643,P00050,C00034,66.50,monthly,Under 35,2026-02-28,2026-02-28,paid,pad
PRM002644,P00054,C00150,290.70,monthly,55-64,2026-02-28,2026-02-28,paid,credit_card
PRM002645,P00077,C00147,91.00,monthly,Under 35,2026-02-28,2026-02-27,paid,credit_card
PRM002646,P00095,C00085,851.20,monthly,75+,2026-02-28,2026-02-26,paid,credit_card
PRM002647,P00101,C00068,63.00,monthly,55-64,2026-02-28,2026-02-25,paid,pad
PRM002648,P00110,C00093,112.00,monthly,75+,2026-02-28,2026-02-28,paid,pad
PRM002649,P00121,C00063,63.00,monthly,55-64,2026-02-28,2026-03-27,late,cheque
PRM002650,P00158,C00008,290.70,monthly,55-64,2026-02-28,2026-02-26,paid,credit_card
PRM002651,P00177,C00095,76.48,monthly,35-44,2026-02-28,2026-02-26,paid,cheque
PRM002652,P00171,C00076,272.00,monthly,75+,2026-03-01,2026-02-26,paid,cheque
PRM002653,P00013,C00034,161.50,monthly,Under 35,2026-03-02,2026-03-02,paid,credit_card
PRM002654,P00015,C00059,272.00,monthly,75+,2026-03-02,2026-02-27,paid,cheque
PRM002655,P00023,C00058,108.00,monthly,55-64,2026-03-02,2026-02-27,paid,credit_card
PRM002656,P00030,C00139,60.00,monthly,Under 35,2026-03-02,2026-03-01,paid,credit_card
PRM002657,P00111,C00134,140.00,monthly,Under 35,2026-03-02,2026-02-27,paid,credit_card
PRM002658,P00126,C00089,272.00,monthly,75+,2026-03-02,2026-02-28,paid,cheque
PRM002659,P00027,C00025,84.00,monthly,65-74,2026-03-03,2026-03-01,paid,cheque
PRM002660,P00037,C00102,45.00,monthly,Under 35,2026-03-03,2026-02-28,paid,credit_card
PRM002661,P00038,C00022,84.00,monthly,45-54,2026-03-03,2026-02-28,paid,cheque
PRM002662,P00075,C00100,144.00,monthly,75+,2026-03-03,2026-03-03,paid,cheque
PRM002663,P00087,C00023,76.48,monthly,35-44,2026-03-03,2026-03-02,paid,cheque
PRM002664,P00105,C00106,272.00,monthly,75+,2026-03-03,2026-03-02,paid,credit_card
PRM002665,P00144,C00131,205.20,monthly,65-74,2026-03-03,2026-02-28,paid,pad
PRM002666,P00019,C00014,272.00,monthly,75+,2026-03-04,2026-03-03,paid,pad
PRM002667,P00051,C00033,168.00,monthly,45-54,2026-03-04,2026-03-01,paid,pad
PRM002668,P00055,C00117,117.00,monthly,Under 35,2026-03-04,2026-03-03,paid,pad
PRM002669,P00072,C00070,91.00,monthly,Under 35,2026-03-04,2026-03-04,paid,pad
PRM002670,P00088,C00100,1550.40,quarterly,75+,2026-03-04,2026-03-14,late,credit_card
PRM002671,P00127,C00041,51.75,monthly,35-44,2026-03-04,2026-03-01,paid,pad
PRM002672,P00160,C00018,85.00,monthly,Under 35,2026-03-04,2026-03-01,paid,pad
PRM002673,P00022,C00006,144.00,monthly,65-74,2026-03-05,2026-03-03,paid,credit_card
PRM002674,P00081,C00066,218.40,monthly,45-54,2026-03-05,2026-03-02,paid,pad
PRM002675,P00093,C00023,134.55,monthly,35-44,2026-03-05,2026-03-04,paid,pad
PRM002676,P00164,C00084,499.20,monthly,75+,2026-03-05,2026-03-04,paid,credit_card
PRM002677,P00082,C00143,63.00,monthly,45-54,2026-03-06,2026-03-06,paid,pad
PRM002678,P00135,C00135,448.00,monthly,75+,2026-03-06,2026-03-22,late,credit_card
PRM002679,P00065,C00047,192.00,monthly,75+,2026-03-07,2026-03-04,paid,cheque
PRM002680,P00094,C00056,45.00,monthly,Under 35,2026-03-07,2026-03-05,paid,pad
PRM002681,P00133,C00097,530.40,monthly,65-74,2026-03-07,2026-03-06,paid,pad
PRM002682,P00136,C00102,45.00,monthly,Under 35,2026-03-07,2026-03-05,paid,credit_card
PRM002683,P00104,C00100,112.00,monthly,75+,2026-03-08,2026-03-08,paid,cheque
PRM002684,P00106,C00045,185.72,monthly,35-44,2026-03-08,2026-03-06,paid,pad
PRM002685,P00152,C00093,384.00,monthly,75+,2026-03-08,2026-03-05,paid,cheque
PRM002686,P00024,C00013,358.80,monthly,35-44,2026-03-09,2026-03-08,paid,pad
PRM002687,P00085,C00054,384.00,monthly,75+,2026-03-09,2026-03-08,paid,credit_card
PRM002688,P00089,C00099,189.00,quarterly,45-54,2026-03-09,2026-03-08,paid,pad
PRM002689,P00131,C00067,45.00,monthly,Under 35,2026-03-09,2026-03-06,paid,credit_card
PRM002690,P00147,C00057,35.00,monthly,Under 35,2026-03-09,2026-03-17,late,cheque
PRM002691,P00165,C00010,85.00,monthly,Under 35,2026-03-09,2026-03-08,paid,credit_card
PRM002692,P00180,C00028,478.80,monthly,55-64,2026-03-09,2026-03-07,paid,pad
PRM002693,P00049,C00038,288.00,monthly,65-74,2026-03-10,2026-03-08,paid,pad
PRM002694,P00057,C00033,49.00,monthly,45-54,2026-03-10,2026-03-17,late,pad
PRM002695,P00175,C00024,180.00,quarterly,Under 35,2026-03-10,2026-03-08,paid,cheque
PRM002696,P00047,C00088,76.48,monthly,35-44,2026-03-11,2026-03-09,paid,credit_card
PRM002697,P00112,C00122,85.00,monthly,Under 35,2026-03-11,2026-03-09,paid,pad
PRM002698,P00124,C00119,280.80,monthly,65-74,2026-03-11,2026-03-09,paid,credit_card
PRM002699,P00130,C00142,707.20,monthly,75+,2026-03-11,2026-03-09,paid,pad
PRM002700,P00003,C00107,85.00,monthly,Under 35,2026-03-12,2026-03-09,paid,cheque
PRM002701,P00122,C00118,112.00,monthly,75+,03/12/2026,2026-03-11,Paid ,pad
PRM002702,P00173,C00051,448.00,monthly,75+,2026-03-12,2026-03-10,paid,pad
PRM002703,P00016,C00001,63.00,monthly,55-64,2026-03-13,2026-03-13,paid,pad
PRM002704,P00064,C00030,448.00,monthly,75+,2026-03-13,2026-03-19,late,credit_card
PRM002705,P00066,C00064,842.40,quarterly,55-64,2026-03-13,2026-03-13,paid,cheque
PRM002706,P00074,C00020,638.40,monthly,65-74,2026-03-13,2026-03-10,paid,credit_card
PRM002707,P00080,C00042,615.60,quarterly,55-64,2026-03-13,2026-03-11,paid,pad
PRM002708,P00132,C00108,49.00,monthly,45-54,2026-03-13,2026-03-13,paid,pad
PRM002709,P00138,C00105,196.00,monthly,45-54,2026-03-13,2026-03-10,paid,cheque
PRM002710,P00140,C00123,112.00,monthly,75+,2026-03-13,2026-03-12,paid,credit_card
PRM002711,P00179,C00083,448.00,monthly,75+,2026-03-13,2026-03-10,paid,pad
PRM002712,P00058,C00077,69.00,monthly,35-44,2026-03-14,2026-03-14,paid,cheque
PRM002713,P00123,C00042,108.00,monthly,55-64,2026-03-14,2026-03-13,paid,pad
PRM002714,P00007,C00140,127.40,monthly,45-54,2026-03-15,2026-03-12,paid,cheque
PRM002715,P00041,C00130,98.32,monthly,35-44,2026-03-15,2026-03-14,paid,credit_card
PRM002716,P00059,C00124,85.50,monthly,Under 35,2026-03-15,2026-03-25,late,credit_card
PRM002717,P00107,C00099,491.40,quarterly,45-54,2026-03-15,2026-03-12,paid,pad
PRM002718,P00118,C00146,530.40,monthly,65-74,2026-03-15,2026-03-13,paid,credit_card
PRM002719,P00137,C00064,397.80,monthly,55-64,2026-03-15,2026-03-15,paid,credit_card
PRM002720,P00020,C00131,638.40,monthly,65-74,2026-03-16,2026-03-30,late,pad
PRM002721,P00156,C00127,266.00,monthly,Under 35,2026-03-16,2026-03-15,paid,cheque
PRM002722,P00108,C00060,85.00,monthly,Under 35,2026-03-17,2026-03-14,paid,pad
PRM002723,P00142,C00091,161.50,monthly,Under 35,2026-03-17,2026-03-16,paid,credit_card
PRM002724,P00025,C00085,499.20,monthly,75+,2026-03-18,2026-03-15,paid,credit_card
PRM002725,P00035,C00050,84.00,monthly,65-74,2026-03-18,2026-03-17,paid,cheque
PRM002726,P00154,C00123,374.40,monthly,75+,2026-03-18,2026-03-17,paid,credit_card
PRM002727,P00172,C00137,842.40,quarterly,65-74,2026-03-18,2026-04-16,late,cheque
PRM002728,P00045,C00103,131.10,monthly,35-44,2026-03-19,2026-03-18,paid,cheque
PRM002729,P00120,C00021,262.20,monthly,35-44,2026-03-19,2026-03-16,paid,credit_card
PRM002730,P00001,C00151,384.00,monthly,75+,2026-03-20,2026-03-18,paid,pad
PRM002731,P00005,C00041,97.75,monthly,35-44,2026-03-20,2026-03-18,paid,credit_card
PRM002732,P00010,C00065,216.00,monthly,55-64,2026-03-20,2026-03-19,paid,credit_card
PRM002733,P00098,C00089,192.00,monthly,75+,2026-03-20,2026-03-18,paid,credit_card
PRM002734,P00128,C00006,324.00,quarterly,65-74,2026-03-20,2026-04-07,late,pad
PRM002735,P00076,C00021,262.20,monthly,35-44,2026-03-21,2026-03-20,paid,credit_card
PRM002736,P00042,C00129,478.80,monthly,55-64,2026-03-22,2026-03-19,paid,pad
PRM002737,P00086,C00109,374.40,monthly,75+,2026-03-22,2026-03-19,paid,credit_card
PRM002738,P00090,C00012,216.00,monthly,55-64,2026-03-22,2026-03-19,paid,credit_card
PRM002739,P00028,C00138,80.50,monthly,35-44,2026-03-23,2026-03-22,paid,credit_card
PRM002740,P00056,C00003,120.00,monthly,Under 35,2026-03-23,2026-03-22,paid,pad
PRM002741,P00114,C00025,84.00,monthly,65-74,2026-03-23,2026-03-20,paid,cheque
PRM002742,P00151,C00091,364.00,monthly,Under 35,2026-03-23,2026-03-21,paid,cheque
PRM002743,P00145,C00150,108.00,monthly,55-64,2026-03-24,2026-03-21,paid,pad
PRM002744,P00044,C00128,138.00,monthly,35-44,2026-03-25,2026-03-28,late,pad
PRM002745,P00119,C00094,108.00,monthly,55-64,2026-03-25,2026-03-25,Paid ,pad
PRM002746,P00125,C00027,336.00,monthly,65-74,2026-03-25,2026-03-25,paid,credit_card
PRM002747,P00159,C00004,254.15,monthly,35-44,2026-03-25,2026-03-22,paid,cheque
PRM002748,P00014,C00040,108.00,monthly,65-74,2026-03-26,2026-03-24,paid,pad
PRM002749,P00043,C00060,91.00,monthly,Under 35,2026-03-26,2026-03-25,paid,credit_card
PRM002750,P00073,C00111,210.60,monthly,55-64,2026-03-26,2026-03-25,paid,cheque
PRM002751,P00078,C00113,205.20,monthly,55-64,2026-03-26,2026-03-25,paid,cheque
PRM002752,P00117,C00014,112.00,monthly,75+,2026-03-26,2026-03-25,paid,cheque
PRM002753,P00069,C00005,384.00,monthly,75+,2026-03-27,2026-03-24,paid,credit_card
PRM002754,P00092,C00126,45.00,monthly,Under 35,2026-03-27,2026-03-27,paid,pad
PRM002755,P00096,C00008,63.00,monthly,55-64,2026-03-27,2026-03-25,paid,pad
PRM002756,P00148,C00002,384.00,monthly,75+,2026-03-27,2026-03-25,paid,credit_card
PRM002757,P00018,C00149,117.00,monthly,Under 35,2026-03-28,2026-03-26,paid,cheque
PRM002758,P00026,C00058,410.40,monthly,55-64,2026-03-28,2026-04-05,late,credit_card
PRM002759,P00046,C00149,364.00,monthly,Under 35,2026-03-28,2026-03-26,paid,credit_card
PRM002760,P00050,C00034,66.50,monthly,Under 35,2026-03-28,2026-03-26,paid,pad
PRM002761,P00054,C00150,290.70,monthly,55-64,2026-03-28,2026-03-28,paid,cheque
PRM002762,P00077,C00147,91.00,monthly,Under 35,2026-03-28,2026-03-26,paid,credit_card
PRM002763,P00095,C00085,851.20,monthly,75+,2026-03-28,2026-03-25,paid,credit_card
PRM002764,P00101,C00068,63.00,monthly,55-64,2026-03-28,2026-03-28,paid,cheque
PRM002765,P00110,C00093,112.00,monthly,75+,2026-03-28,2026-03-25,paid,pad
PRM002766,P00121,C00063,63.00,monthly,55-64,2026-03-28,2026-03-28,paid,credit_card
PRM002767,P00158,C00008,290.70,monthly,55-64,2026-03-28,2026-03-26,paid,cheque
PRM002768,P00177,C00095,76.48,monthly,35-44,2026-03-28,2026-03-28,paid,credit_card
PRM002769,P00053,C00104,1008.00,quarterly,65-74,2026-04-01,2026-03-31,paid,credit_card
PRM002770,P00171,C00076,272.00,monthly,75+,2026-04-01,2026-03-30,paid,credit_card
PRM002771,P00013,C00034,161.50,monthly,Under 35,2026-04-02,2026-03-31,paid,cheque
PRM002772,P00015,C00059,272.00,monthly,75+,2026-04-02,2026-04-01,paid,cheque
PRM002773,P00023,C00058,108.00,monthly,55-64,2026-04-02,,missed,
PRM002774,P00030,C00139,60.00,monthly,Under 35,2026-04-02,2026-04-02,paid,credit_card
PRM002775,P00111,C00134,140.00,monthly,Under 35,2026-04-02,2026-03-30,paid,pad
PRM002776,P00126,C00089,272.00,monthly,75+,2026-04-02,2026-03-30,paid,credit_card
PRM002777,P00027,C00025,84.00,monthly,65-74,2026-04-03,2026-04-02,paid,cheque
PRM002778,P00037,C00102,45.00,monthly,Under 35,2026-04-03,2026-03-31,paid,credit_card
PRM002779,P00038,C00022,84.00,monthly,45-54,2026-04-03,2026-04-03,paid,cheque
PRM002780,P00075,C00100,144.00,monthly,75+,2026-04-03,2026-04-10,late,cheque
PRM002781,P00083,C00115,576.00,quarterly,75+,2026-04-03,2026-04-03,paid,cheque
PRM002782,P00087,C00023,76.48,monthly,35-44,2026-04-03,2026-04-02,paid,credit_card
PRM002783,P00105,C00106,272.00,monthly,75+,2026-04-03,2026-04-03,paid,credit_card
PRM002784,P00144,C00131,205.20,monthly,65-74,2026-04-03,2026-04-02,paid,pad
PRM002785,P00019,C00014,272.00,monthly,75+,04/04/2026,2026-04-04,paid,pad
PRM002786,P00051,C00033,168.00,monthly,45-54,2026-04-04,2026-04-03,paid,credit_card
PRM002787,P00055,C00117,117.00,monthly,Under 35,2026-04-04,2026-04-02,paid,pad
PRM002788,P00072,C00070,91.00,monthly,Under 35,2026-04-04,2026-04-02,paid,credit_card
PRM002789,P00127,C00041,51.75,monthly,35-44,2026-04-04,2026-04-04,paid,credit_card
PRM002790,P00160,C00018,85.00,monthly,Under 35,2026-04-04,2026-04-03,paid,credit_card
PRM002791,P00022,C00006,144.00,monthly,65-74,2026-04-05,,missed,
PRM002792,P00081,C00066,218.40,monthly,45-54,2026-04-05,,missed,
PRM002793,P00093,C00023,134.55,monthly,35-44,2026-04-05,2026-04-02,paid,credit_card
PRM002794,P00116,C00037,189.00,quarterly,55-64,2026-04-05,2026-04-02,paid,cheque
PRM002795,P00164,C00084,499.20,monthly,75+,2026-04-05,2026-04-04,paid,cheque
PRM002796,P00002,C00152,2553.60,quarterly,75+,2026-04-06,2026-04-05,paid,pad
PRM002797,P00082,C00143,63.00,monthly,45-54,2026-04-06,2026-04-03,paid,cheque
PRM002798,P00135,C00135,448.00,monthly,75+,2026-04-06,2026-04-04,paid,pad
PRM002799,P00065,C00047,192.00,monthly,75+,2026-04-07,2026-04-07,paid,pad
PRM002800,P00094,C00056,45.00,monthly,Under 35,2026-04-07,2026-04-06,paid,cheque
PRM002801,P00133,C00097,530.40,monthly,65-74,2026-04-07,2026-04-07,paid,credit_card
PRM002802,P00136,C00102,45.00,monthly,Under 35,2026-04-07,2026-04-05,paid,credit_card
PRM002803,P00036,C00122,199.50,quarterly,Under 35,2026-04-08,2026-04-06,paid,cheque
PRM002804,P00062,C00096,255.00,quarterly,Under 35,2026-04-08,2026-04-05,paid,credit_card
PRM002805,P00104,C00100,112.00,monthly,75+,2026-04-08,2026-04-05,paid,pad
PRM002806,P00106,C00045,185.72,monthly,35-44,2026-04-08,2026-04-05,paid,credit_card
PRM002807,P00134,C00093,336.00,quarterly,75+,2026-04-08,2026-04-07,paid,credit_card
PRM002808,P00152,C00093,384.00,monthly,75+,2026-04-08,2026-04-08,paid,credit_card
PRM002809,P00024,C00013,358.80,monthly,35-44,2026-04-09,2026-04-07,paid,credit_card
PRM002810,P00052,C00082,1344.00,quarterly,75+,2026-04-09,2026-04-06,paid,cheque
PRM002811,P00067,C00064,459.00,quarterly,55-64,2026-04-09,2026-04-06,paid,cheque
PRM002812,P00085,C00054,384.00,monthly,75+,2026-04-09,2026-04-07,paid,credit_card
PRM002813,P00131,C00067,45.00,monthly,Under 35,2026-04-09,2026-04-07,paid,cheque
PRM002814,P00146,C00110,972.00,yearly,55-64,2026-04-09,2026-04-08,paid,cheque
PRM002815,P00147,C00057,35.00,monthly,Under 35,2026-04-09,,missed,
PRM002816,P00165,C00010,85.00,monthly,Under 35,04/09/2026,2026-04-09,paid,credit_card
PRM002817,P00180,C00028,478.80,monthly,55-64,2026-04-09,2026-04-08,paid,credit_card
PRM002818,P00049,C00038,288.00,monthly,65-74,2026-04-10,2026-04-25,late,cheque
PRM002819,P00057,C00033,49.00,monthly,45-54,2026-04-10,2026-04-08,paid,credit_card
PRM002820,p00047 ,C00088,76.48,monthly,35-44,2026-04-11,2026-04-10,paid,credit_card
PRM002821,P00112,C00122,85.00,monthly,Under 35,2026-04-11,2026-04-09,paid,cheque
PRM002822,P00124,C00119,280.80,monthly,65-74,2026-04-11,2026-04-11,paid,cheque
PRM002823,P00130,C00142,707.20,monthly,75+,2026-04-11,2026-04-11,paid,cheque
PRM002824,P00003,C00107,85.00,monthly,Under 35,2026-04-12,2026-04-12,paid,cheque
PRM002825,P00122,C00118,112.00,monthly,75+,2026-04-12,2026-04-10,paid,credit_card
PRM002826,P00173,C00051,448.00,monthly,75+,2026-04-12,2026-04-11,paid,credit_card
PRM002827,P00016,C00001,63.00,monthly,55-64,2026-04-13,2026-04-12,paid,cheque
PRM002828,P00064,C00030,448.00,monthly,75+,2026-04-13,2026-04-11,paid,cheque
PRM002829,P00074,C00020,638.40,monthly,65-74,2026-04-13,2026-04-13,paid,pad
PRM002830,P00091,C00090,917.70,quarterly,35-44,2026-04-13,2026-04-11,paid,credit_card
PRM002831,P00132,C00108,49.00,monthly,45-54,2026-04-13,2026-04-11,paid,cheque
PRM002832,P00138,C00105,196.00,monthly,45-54,2026-04-13,2026-04-13,paid,credit_card
PRM002833,P00140,C00123,112.00,monthly,75+,2026-04-13,2026-04-12,paid,credit_card
PRM002834,P00179,C00083,448.00,monthly,75+,2026-04-13,,missed,
PRM002835,P00058,C00077,69.00,monthly,35-44,2026-04-14,2026-04-12,paid,pad
PRM002836,P00123,C00042,108.00,monthly,55-64,2026-04-14,2026-04-11,paid,credit_card
PRM002837,P00007,C00140,127.40,monthly,45-54,2026-04-15,2026-04-15,paid,credit_card
PRM002838,P00041,C00130,98.32,monthly,35-44,2026-04-15,,missed,
PRM002839,P00059,C00124,85.50,monthly,Under 35,2026-04-15,2026-04-13,paid,cheque
PRM002840,P00118,C00146,530.40,monthly,65-74,2026-04-15,2026-04-12,paid,cheque
PRM002841,P00137,C00064,397.80,monthly,55-64,2026-04-15,2026-04-12,paid,credit_card
PRM002842,P00163,C00078,272.00,monthly,75+,2026-04-15,2026-04-13,paid,credit_card
PRM002843,P00020,C00131,638.40,monthly,65-74,2026-04-16,2026-04-13,paid,pad
PRM002844,P00156,C00127,266.00,monthly,Under 35,2026-04-16,2026-04-14,paid,credit_card
PRM002845,P00008,C00145,105.00,quarterly,Under 35,2026-04-17,2026-04-15,paid,credit_card
PRM002846,P00108,C00060,85.00,monthly,Under 35,2026-04-17,2026-04-17,paid,credit_card
PRM002847,P00141,C00092,229.42,quarterly,35-44,2026-04-17,2026-04-17,paid,cheque
PRM002848,P00142,C00091,161.50,monthly,Under 35,2026-04-17,2026-04-15,paid,cheque
PRM002849,P00025,C00085,499.20,monthly,75+,2026-04-18,2026-04-17,paid,credit_card
PRM002850,P00035,C00050,84.00,monthly,65-74,2026-04-18,2026-04-18,paid,cheque
PRM002851,P00154,C00123,374.40,monthly,75+,2026-04-18,2026-04-16,paid,cheque
PRM002852,P00045,C00103,131.10,monthly,35-44,2026-04-19,2026-04-16,paid,cheque
PRM002853,P00103,C00141,484.50,quarterly,Under 35,2026-04-19,,missed,
PRM002854,P00120,C00021,262.20,monthly,35-44,2026-04-19,2026-04-18,paid,credit_card
PRM002855,P00005,C00041,97.75,monthly,35-44,2026-04-20,,missed,
PRM002856,P00010,C00065,216.00,monthly,55-64,2026-04-20,,missed,
PRM002857,P00098,C00089,192.00,monthly,75+,2026-04-20,2026-04-19,paid,cheque
PRM002858,P00076,C00021,262.20,monthly,35-44,2026-04-21,2026-04-18,paid,pad
PRM002859,P00042,C00129,478.80,monthly,55-64,2026-04-22,2026-04-21,paid,credit_card
PRM002860,P00086,C00109,374.40,monthly,75+,2026-04-22,2026-05-03,late,credit_card
PRM002861,P00090,C00012,216.00,monthly,55-64,2026-04-22,2026-05-06,late,cheque
PRM002862,P00028,C00138,80.50,monthly,35-44,2026-04-23,2026-04-20,paid,pad
PRM002863,P00056,C00003,120.00,monthly,Under 35,2026-04-23,2026-04-21,paid,pad
PRM002864,P00114,C00025,84.00,monthly,65-74,2026-04-23,2026-04-20,paid,credit_card
PRM002865,P00151,C00091,364.00,monthly,Under 35,2026-04-23,2026-04-21,paid,pad
PRM002866,P00162,C00070,798.00,quarterly,Under 35,2026-04-23,2026-04-21,paid,cheque
PRM002867,P00145,C00150,108.00,monthly,55-64,2026-04-24,2026-04-23,paid,credit_card
PRM002868,P00044,C00128,138.00,monthly,35-44,2026-04-25,2026-04-22,paid,pad
PRM002869,P00119,C00094,108.00,monthly,55-64,2026-04-25,,missed,
PRM002870,P00125,C00027,336.00,monthly,65-74,2026-04-25,2026-04-23,paid,cheque
PRM002871,P00159,C00004,254.15,monthly,35-44,2026-04-25,2026-04-24,paid,credit_card
PRM002872,P00014,C00040,108.00,monthly,65-74,2026-04-26,2026-04-25,paid,credit_card
PRM002873,P00043,C00060,91.00,monthly,Under 35,2026-04-26,2026-04-24,paid,credit_card
PRM002874,P00073,C00111,210.60,monthly,55-64,2026-04-26,,missed,
PRM002875,P00078,C00113,205.20,monthly,55-64,2026-04-26,2026-04-25,paid,credit_card
PRM002876,P00117,C00014,112.00,monthly,75+,2026-04-26,2026-04-23,paid,credit_card
PRM002877,P00069,C00005,384.00,monthly,75+,2026-04-27,,missed,
PRM002878,P00092,C00126,45.00,monthly,Under 35,2026-04-27,2026-04-24,paid,cheque
PRM002879,P00096,C00008,63.00,monthly,55-64,2026-04-27,2026-04-27,paid,pad
PRM002880,P00148,C00002,384.00,monthly,75+,2026-04-27,2026-04-24,paid,pad
PRM002881,P00018,C00149,117.00,monthly,Under 35,2026-04-28,,missed,
PRM002882,P00026,C00058,410.40,monthly,55-64,2026-04-28,2026-04-28,paid,credit_card
PRM002883,P00046,C00149,364.00,monthly,Under 35,2026-04-28,2026-04-27,paid,credit_card
PRM002884,P00050,C00034,66.50,monthly,Under 35,2026-04-28,2026-04-26,paid,cheque
PRM002885,P00054,C00150,290.70,monthly,55-64,2026-04-28,2026-04-25,paid,pad
PRM002886,P00077,C00147,91.00,monthly,Under 35,2026-04-28,2026-04-25,paid,pad
PRM002887,P00095,C00085,851.20,monthly,75+,2026-04-28,2026-04-25,paid,pad
PRM002888,P00101,C00068,63.00,monthly,55-64,2026-04-28,2026-04-25,paid,pad
PRM002889,P00110,C00093,112.00,monthly,75+,2026-04-28,2026-04-27,paid,credit_card
PRM002890,P00121,C00063,63.00,monthly,55-64,2026-04-28,2026-04-28,paid,cheque
PRM002891,P00158,C00008,290.70,monthly,55-64,2026-04-28,2026-04-27,paid,pad
PRM002892,P00177,C00095,76.48,monthly,35-44,2026-04-28,2026-04-25,paid,credit_card
PRM002893,P00166,C00140,159.60,monthly,45-54,2026-04-29,2026-04-28,Paid ,pad
PRM002894,P00171,C00076,272.00,monthly,75+,2026-05-01,2026-04-30,paid,pad
PRM002895,P00013,C00034,161.50,monthly,Under 35,2026-05-02,2026-05-09,late,pad
PRM002896,P00015,C00059,272.00,monthly,75+,2026-05-02,2026-04-30,paid,cheque
PRM002897,P00023,C00058,108.00,monthly,55-64,2026-05-02,2026-04-29,paid,cheque
PRM002898,P00030,C00139,60.00,monthly,Under 35,2026-05-02,2026-05-02,paid,credit_card
PRM002899,P00111,C00134,140.00,monthly,Under 35,2026-05-02,2026-05-02,paid,pad
PRM002900,P00126,C00089,272.00,monthly,75+,2026-05-02,2026-05-02,paid,credit_card
PRM002901,P00161,C00055,2652.00,yearly,Under 35,2026-05-02,2026-05-01,paid,pad
PRM002902,P00027,C00025,84.00,monthly,65-74,2026-05-03,2026-04-30,paid,credit_card
PRM002903,P00037,C00102,45.00,monthly,Under 35,2026-05-03,2026-04-30,paid,pad
PRM002904,P00038,C00022,84.00,monthly,45-54,2026-05-03,2026-04-30,paid,cheque
PRM002905,P00075,C00100,144.00,monthly,75+,2026-05-03,2026-05-03,paid,cheque
PRM002906,P00087,C00023,76.48,monthly,35-44,2026-05-03,2026-04-30,paid,cheque
PRM002907,P00102,C00148,655.20,quarterly,65-74,2026-05-03,2026-05-03,paid,credit_card
PRM002908,P00105,C00106,272.00,monthly,75+,2026-05-03,2026-05-01,paid,cheque
PRM002909,P00144,C00131,205.20,monthly,65-74,2026-05-03,2026-05-03,paid,credit_card
PRM002910,P00019,C00014,272.00,monthly,75+,2026-05-04,2026-05-03,paid,cheque
PRM002911,P00051,C00033,168.00,monthly,45-54,2026-05-04,2026-05-02,paid,credit_card
PRM002912,P00055,C00117,117.00,monthly,Under 35,2026-05-04,2026-05-04,paid,cheque
PRM002913,P00072,C00070,91.00,monthly,Under 35,2026-05-04,2026-05-02,paid,cheque
PRM002914,P00160,C00018,85.00,monthly,Under 35,2026-05-04,2026-05-01,paid,credit_card
PRM002915,P00022,C00006,144.00,monthly,65-74,2026-05-05,2026-05-05,paid,cheque
PRM002916,P00081,C00066,218.40,monthly,45-54,2026-05-05,2026-05-03,paid,credit_card
PRM002917,P00093,C00023,134.55,monthly,35-44,2026-05-05,2026-05-02,paid,pad
PRM002918,P00164,C00084,499.20,monthly,75+,2026-05-05,2026-05-02,paid,cheque
PRM002919,P00040,C00072,192.00,single,65-74,2026-05-06,2026-05-03,paid,cheque
PRM002920,P00082,C00143,63.00,monthly,45-54,2026-05-06,2026-05-03,paid,pad
PRM002921,P00135,C00135,448.00,monthly,75+,2026-05-06,2026-05-03,paid,cheque
PRM002922,P00065,C00047,192.00,monthly,75+,2026-05-07,2026-05-04,paid,credit_card
PRM002923,P00094,C00056,45.00,monthly,Under 35,2026-05-07,2026-05-04,paid,credit_card
PRM002924,P00133,C00097,530.40,monthly,65-74,2026-05-07,2026-05-06,paid,pad
PRM002925,P00136,C00102,45.00,monthly,Under 35,2026-05-07,2026-05-07,paid,credit_card
PRM002926,P00104,C00100,112.00,monthly,75+,2026-05-08,2026-05-07,paid,pad
PRM002927,P00106,C00045,185.72,monthly,35-44,2026-05-08,2026-05-12,late,cheque
PRM002928,P00152,C00093,384.00,monthly,75+,2026-05-08,2026-05-07,paid,cheque
PRM002929,P00024,C00013,358.80,monthly,35-44,2026-05-09,2026-05-08,paid,cheque
PRM002930,P00085,C00054,384.00,monthly,75+,2026-05-09,2026-05-09,paid,credit_card
PRM002931,P00131,C00067,45.00,monthly,Under 35,2026-05-09,2026-05-09,paid,pad
PRM002932,P00147,C00057,35.00,monthly,Under 35,2026-05-09,2026-05-08,paid,credit_card
PRM002933,P00165,C00010,85.00,monthly,Under 35,2026-05-09,2026-05-06,paid,credit_card
PRM002934,P00180,C00028,478.80,monthly,55-64,2026-05-09,2026-05-08,paid,cheque
PRM002935,P00009,C00037,756.00,quarterly,55-64,2026-05-10,2026-05-08,Paid ,pad
PRM002936,P00049,C00038,288.00,monthly,65-74,2026-05-10,2026-05-07,paid,pad
PRM002937,P00057,C00033,49.00,monthly,45-54,2026-05-10,2026-05-08,paid,pad
PRM002938,P00047,C00088,76.48,monthly,35-44,2026-05-11,2026-05-11,paid,cheque
PRM002939,P00112,C00122,85.00,monthly,Under 35,2026-05-11,2026-05-09,paid,credit_card
PRM002940,P00124,C00119,280.80,monthly,65-74,2026-05-11,2026-05-25,late,credit_card
PRM002941,P00130,C00142,707.20,monthly,75+,2026-05-11,2026-05-08,paid,credit_card
PRM002942,P00003,C00107,85.00,monthly,Under 35,2026-05-12,2026-05-11,paid,pad
PRM002943,P00122,C00118,112.00,monthly,75+,2026-05-12,2026-05-12,paid,pad
PRM002944,P00173,C00051,448.00,monthly,75+,2026-05-12,2026-05-09,paid,cheque
PRM002945,P00016,C00001,63.00,monthly,55-64,2026-05-13,2026-05-13,paid,credit_card
PRM002946,P00064,C00030,448.00,monthly,75+,2026-05-13,2026-05-13,paid,pad
PRM002947,P00074,C00020,638.40,monthly,65-74,2026-05-13,2026-05-11,paid,cheque
PRM002948,P00132,C00108,49.00,monthly,45-54,2026-05-13,2026-05-12,paid,pad
PRM002949,P00138,C00105,196.00,monthly,45-54,2026-05-13,2026-05-20,late,credit_card
PRM002950,P00140,C00123,112.00,monthly,75+,2026-05-13,2026-05-10,paid,pad
PRM002951,P00168,C00085,273.60,monthly,75+,2026-05-13,2026-05-10,paid,pad
PRM002952,P00179,C00083,448.00,monthly,75+,2026-05-13,2026-05-10,paid,credit_card
PRM002953,P00058,C00077,69.00,monthly,35-44,2026-05-14,2026-05-12,paid,pad
PRM002954,P00123,C00042,108.00,monthly,55-64,2026-05-14,2026-06-02,late,credit_card
PRM002955,P00041,C00130,98.32,monthly,35-44,2026-05-15,2026-05-13,paid,cheque
PRM002956,P00059,C00124,85.50,monthly,Under 35,2026-05-15,2026-05-12,paid,pad
PRM002957,P00118,C00146,530.40,monthly,65-74,2026-05-15,2026-05-12,paid,cheque
PRM002958,P00137,C00064,397.80,monthly,55-64,2026-05-15,2026-05-13,paid,pad
PRM002959,P00163,C00078,272.00,monthly,75+,2026-05-15,2026-05-12,paid,cheque
PRM002960,P00176,C00081,120.75,quarterly,35-44,2026-05-15,2026-05-15,paid,credit_card
PRM002961,P00020,C00131,638.40,monthly,65-74,2026-05-16,2026-05-15,paid,pad
PRM002962,P00156,C00127,266.00,monthly,Under 35,2026-05-16,2026-05-21,late,credit_card
PRM002963,P00060,C00047,1123.20,quarterly,75+,2026-05-17,2026-05-16,paid,credit_card
PRM002964,P00108,C00060,85.00,monthly,Under 35,2026-05-17,2026-05-14,paid,credit_card
PRM002965,P00142,C00091,161.50,monthly,Under 35,2026-05-17,2026-05-14,Paid ,pad
PRM002966,P00174,C00031,243.00,quarterly,55-64,2026-05-17,2026-05-16,paid,credit_card
PRM002967,P00035,C00050,84.00,monthly,65-74,2026-05-18,2026-05-18,paid,pad
PRM002968,P00154,C00123,374.40,monthly,75+,2026-05-18,2026-05-16,paid,cheque
PRM002969,P00045,C00103,131.10,monthly,35-44,2026-05-19,2026-05-17,paid,pad
PRM002970,P00120,C00021,262.20,monthly,35-44,2026-05-19,2026-05-19,paid,credit_card
PRM002971,P00149,C00011,678.30,quarterly,45-54,2026-05-19,2026-05-19,paid,credit_card
PRM002972,P00005,C00041,97.75,monthly,35-44,2026-05-20,2026-05-19,paid,cheque
PRM002973,P00010,C00065,216.00,monthly,55-64,2026-05-20,2026-05-18,paid,cheque
PRM002974,P00098,C00089,192.00,monthly,75+,2026-05-20,2026-05-18,paid,cheque
PRM002975,P00076,C00021,262.20,monthly,35-44,2026-05-21,2026-05-18,paid,cheque
PRM002976,P00042,C00129,478.80,monthly,55-64,2026-05-22,,missed,
PRM002977,P00086,C00109,374.40,monthly,75+,2026-05-22,2026-06-26,late,credit_card
PRM002978,P00090,C00012,216.00,monthly,55-64,2026-05-22,2026-05-22,paid,credit_card
PRM002979,P00028,C00138,80.50,monthly,35-44,2026-05-23,2026-05-23,paid,pad
PRM002980,P00056,C00003,120.00,monthly,Under 35,2026-05-23,2026-06-01,late,credit_card
PRM002981,P00151,C00091,364.00,monthly,Under 35,2026-05-23,2026-05-21,paid,pad
PRM002982,P00029,C00044,189.00,quarterly,45-54,2026-05-24,2026-05-22,paid,pad
PRM002983,P00145,C00150,108.00,monthly,55-64,2026-05-24,2026-05-23,paid,cheque
PRM002984,P00044,C00128,138.00,monthly,35-44,2026-05-25,2026-05-25,paid,pad
PRM002985,P00119,C00094,108.00,monthly,55-64,2026-05-25,2026-05-23,paid,cheque
PRM002986,P00125,C00027,336.00,monthly,65-74,2026-05-25,2026-05-25,paid,cheque
PRM002987,P00159,C00004,254.15,monthly,35-44,2026-05-25,2026-05-25,paid,credit_card
PRM002988,P00014,C00040,108.00,monthly,65-74,2026-05-26,2026-05-25,paid,pad
PRM002989,P00043,C00060,91.00,monthly,Under 35,2026-05-26,2026-05-24,paid,credit_card
PRM002990,P00073,C00111,210.60,monthly,55-64,2026-05-26,2026-05-23,paid,pad
PRM002991,P00078,C00113,205.20,monthly,55-64,2026-05-26,2026-05-24,paid,cheque
PRM002992,P00097,C00068,461.70,quarterly,55-64,2026-05-26,2026-05-26,paid,credit_card
PRM002993,P00117,C00014,112.00,monthly,75+,2026-05-26,2026-05-26,paid,cheque
PRM002994,P00069,C00005,384.00,monthly,75+,2026-05-27,2026-05-27,paid,cheque
PRM002995,P00092,C00126,45.00,monthly,Under 35,2026-05-27,2026-05-27,paid,pad
PRM002996,P00096,C00008,63.00,monthly,55-64,2026-05-27,2026-05-27,paid,credit_card
PRM002997,P00148,C00002,384.00,monthly,75+,2026-05-27,2026-05-26,paid,credit_card
PRM002998,P00178,C00107,364.00,monthly,Under 35,2026-05-27,2026-05-26,paid,pad
PRM002999,P00018,C00149,117.00,monthly,Under 35,2026-05-28,,missed,
PRM003000,P00026,C00058,410.40,monthly,55-64,2026-05-28,2026-05-25,paid,pad
PRM003001,P00046,C00149,364.00,monthly,Under 35,2026-05-28,2026-05-28,paid,cheque
PRM003002,P00054,C00150,290.70,monthly,55-64,2026-05-28,2026-05-27,paid,credit_card
PRM003003,P00077,C00147,91.00,monthly,Under 35,2026-05-28,2026-05-26,paid,credit_card
PRM003004,P00101,C00068,63.00,monthly,55-64,2026-05-28,2026-05-27,paid,cheque
PRM003005,P00110,C00093,112.00,monthly,75+,2026-05-28,2026-05-26,paid,pad
PRM003006,P00121,C00063,63.00,monthly,55-64,2026-05-28,,missed,
PRM003007,P00158,C00008,290.70,monthly,55-64,2026-05-28,2026-05-26,paid,pad
PRM003008,P00177,C00095,76.48,monthly,35-44,2026-05-28,2026-05-26,paid,pad
PRM003009,P00166,C00140,159.60,monthly,45-54,2026-05-29,2026-05-28,paid,pad
PRM003010,P00171,C00076,272.00,monthly,75+,2026-06-01,2026-05-31,paid,cheque
PRM003011,P00006,C00069,2713.20,yearly,45-54,2026-06-02,2026-05-30,paid,credit_card
PRM003012,P00015,C00059,272.00,monthly,75+,2026-06-02,2026-05-30,paid,cheque
PRM003013,P00030,C00139,60.00,monthly,Under 35,2026-06-02,2026-06-01,paid,credit_card
PRM003014,P00111,C00134,140.00,monthly,Under 35,2026-06-02,2026-05-31,paid,cheque
PRM003015,P00126,C00089,272.00,monthly,75+,2026-06-02,2026-06-01,paid,pad
PRM003016,P00037,C00102,45.00,monthly,Under 35,2026-06-03,2026-06-02,paid,credit_card
PRM003017,P00038,C00022,84.00,monthly,45-54,2026-06-03,2026-06-03,paid,cheque
PRM003018,P00075,C00100,144.00,monthly,75+,2026-06-03,2026-05-31,paid,cheque
PRM003019,P00087,C00023,76.48,monthly,35-44,2026-06-03,2026-06-03,paid,pad
PRM003020,P00105,C00106,272.00,monthly,75+,2026-06-03,2026-06-16,late,pad
PRM003021,P00144,C00131,205.20,monthly,65-74,2026-06-03,2026-06-03,paid,cheque
PRM003022,P00017,C00068,7862.40,yearly,55-64,2026-06-04,2026-06-03,paid,pad
PRM003023,P00019,C00014,272.00,monthly,75+,2026-06-04,2026-06-03,paid,cheque
PRM003024,P00051,C00033,168.00,monthly,45-54,2026-06-04,2026-06-10,late,pad
PRM003025,P00055,C00117,117.00,monthly,Under 35,2026-06-04,2026-06-04,paid,cheque
PRM003026,P00072,C00070,91.00,monthly,Under 35,2026-06-04,2026-06-01,paid,credit_card
PRM003027,P00088,C00100,1550.40,quarterly,75+,2026-06-04,2026-06-01,paid,pad
PRM003028,P00160,C00018,85.00,monthly,Under 35,2026-06-04,2026-06-04,paid,pad
PRM003029,P00081,C00066,218.40,monthly,45-54,2026-06-05,2026-06-02,paid,pad
PRM003030,P00093,C00023,134.55,monthly,35-44,2026-06-05,2026-06-05,paid,credit_card
PRM003031,P00164,C00084,499.20,monthly,75+,2026-06-05,2026-06-02,paid,pad
PRM003032,P00082,C00143,63.00,monthly,45-54,2026-06-06,2026-06-03,paid,cheque
PRM003033,P00135,C00135,448.00,monthly,75+,2026-06-06,2026-06-04,paid,credit_card
PRM003034,P00065,C00047,192.00,monthly,75+,2026-06-07,2026-06-05,paid,credit_card
PRM003035,P00094,C00056,45.00,monthly,Under 35,2026-06-07,2026-06-06,paid,cheque
PRM003036,P00133,C00097,530.40,monthly,65-74,2026-06-07,2026-06-04,paid,credit_card
PRM003037,P00136,C00102,45.00,monthly,Under 35,2026-06-07,2026-06-06,paid,credit_card
PRM003038,P00104,C00100,112.00,monthly,75+,2026-06-08,2026-06-07,paid,cheque
PRM003039,P00106,C00045,185.72,monthly,35-44,2026-06-08,2026-06-20,late,pad
PRM003040,P00152,C00093,384.00,monthly,75+,2026-06-08,2026-06-07,paid,pad
PRM003041,P00024,C00013,358.80,monthly,35-44,2026-06-09,2026-06-09,paid,pad
PRM003042,P00085,C00054,$384.00 CAD,monthly,75+,2026-06-09,2026-06-07,paid,pad
PRM003043,P00089,C00099,189.00,quarterly,45-54,2026-06-09,2026-06-09,paid,pad
PRM003044,P00131,C00067,45.00,monthly,Under 35,2026-06-09,2026-06-07,paid,credit_card
PRM003045,P00165,C00010,85.00,monthly,Under 35,2026-06-09,2026-06-06,paid,credit_card
PRM003046,P00180,C00028,478.80,monthly,55-64,2026-06-09,2026-06-09,paid,pad
PRM003047,P00049,C00038,288.00,monthly,65-74,2026-06-10,2026-06-09,paid,credit_card
PRM003048,P00057,C00033,49.00,monthly,45-54,2026-06-10,2026-06-07,paid,credit_card
PRM003049,P00175,C00024,180.00,quarterly,Under 35,2026-06-10,2026-06-26,late,pad
PRM003050,P00047,C00088,76.48,monthly,35-44,2026-06-11,2026-06-08,paid,cheque
PRM003051,P00112,C00122,85.00,monthly,Under 35,2026-06-11,2026-06-08,paid,cheque
PRM003052,P00124,C00119,280.80,monthly,65-74,2026-06-11,2026-06-10,paid,pad
PRM003053,P00130,C00142,707.20,monthly,75+,2026-06-11,2026-06-08,paid,credit_card
PRM003054,P00079,C00116,420.00,yearly,Under 35,2026-06-12,2026-06-11,paid,pad
PRM003055,P00122,C00118,112.00,monthly,75+,2026-06-12,2026-06-11,paid,cheque
PRM003056,P00173,C00051,448.00,monthly,75+,2026-06-12,2026-06-11,paid,credit_card
PRM003057,P00016,C00001,63.00,monthly,55-64,2026-06-13,2026-06-13,paid,pad
PRM003058,P00064,C00030,448.00,monthly,75+,2026-06-13,2026-06-13,paid,credit_card
PRM003059,P00066,C00064,842.40,quarterly,55-64,2026-06-13,2026-06-13,paid,credit_card
PRM003060,P00074,C00020,638.40,monthly,65-74,2026-06-13,2026-06-13,paid,cheque
PRM003061,P00080,C00042,615.60,quarterly,55-64,2026-06-13,2026-06-10,paid,pad
PRM003062,P00132,C00108,49.00,monthly,45-54,2026-06-13,2026-06-11,paid,credit_card
PRM003063,P00140,C00123,112.00,monthly,75+,2026-06-13,2026-06-12,paid,cheque
PRM003064,P00168,C00085,273.60,monthly,75+,2026-06-13,2026-06-11,paid,cheque
PRM003065,P00058,C00077,69.00,monthly,35-44,2026-06-14,2026-06-11,paid,credit_card
PRM003066,P00123,C00042,108.00,monthly,55-64,2026-06-14,2026-06-11,paid,cheque
PRM003067,P00059,C00124,85.50,monthly,Under 35,2026-06-15,2026-06-15,paid,credit_card
PRM003068,P00107,C00099,491.40,quarterly,45-54,2026-06-15,2026-06-12,paid,cheque
PRM003069,P00118,C00146,530.40,monthly,65-74,2026-06-15,2026-06-19,late,cheque
PRM003070,P00137,C00064,397.80,monthly,55-64,2026-06-15,2026-06-12,paid,pad
PRM003071,P00163,C00078,272.00,monthly,75+,2026-06-15,2026-06-14,paid,pad
PRM003072,P00020,C00131,638.40,monthly,65-74,2026-06-16,2026-06-13,paid,pad
PRM003073,P00156,C00127,266.00,monthly,Under 35,2026-06-16,2026-07-01,late,cheque
PRM003074,P00108,C00060,85.00,monthly,Under 35,2026-06-17,2026-06-16,Paid ,cheque
PRM003075,P00142,C00091,161.50,monthly,Under 35,2026-06-17,2026-06-14,paid,cheque
PRM003076,P00035,C00050,84.00,monthly,65-74,2026-06-18,2026-06-17,paid,cheque
PRM003077,P00154,C00123,374.40,monthly,75+,2026-06-18,2026-06-17,paid,cheque
PRM003078,P00172,C00137,842.40,quarterly,65-74,2026-06-18,2026-06-17,paid,credit_card
PRM003079,P00045,C00103,131.10,monthly,35-44,2026-06-19,2026-06-18,paid,cheque
PRM003080,P00120,C00021,262.20,monthly,35-44,2026-06-19,2026-06-17,paid,pad
PRM003081,P00098,C00089,192.00,monthly,75+,2026-06-20,2026-06-18,paid,pad
PRM003082,P00076,C00021,262.20,monthly,35-44,2026-06-21,2026-06-21,paid,cheque
PRM003083,P00042,C00129,478.80,monthly,55-64,2026-06-22,2026-07-11,late,credit_card
PRM003084,P00086,C00109,374.40,monthly,75+,2026-06-22,2026-06-22,paid,credit_card
PRM003085,P00090,C00012,216.00,monthly,55-64,2026-06-22,2026-06-21,paid,cheque
PRM003086,P00028,C00138,80.50,monthly,35-44,2026-06-23,2026-06-22,paid,cheque
PRM003087,P00056,C00003,120.00,monthly,Under 35,2026-06-23,2026-06-23,paid,cheque
PRM003088,P00151,C00091,364.00,monthly,Under 35,2026-06-23,2026-06-23,paid,cheque
PRM003089,P00145,C00150,108.00,monthly,55-64,2026-06-24,2026-06-23,paid,pad
PRM003090,P00044,C00128,138.00,monthly,35-44,2026-06-25,2026-06-24,paid,cheque
PRM003091,P00125,C00027,336.00,monthly,65-74,2026-06-25,2026-06-22,paid,cheque
PRM003092,P00159,C00004,254.15,monthly,35-44,2026-06-25,2026-06-23,paid,pad
PRM003093,P00014,C00040,108.00,monthly,65-74,2026-06-26,2026-06-24,paid,pad
PRM003094,P00043,C00060,91.00,monthly,Under 35,2026-06-26,2026-06-26,paid,credit_card
PRM003095,P00078,C00113,205.20,monthly,55-64,2026-06-26,2026-06-23,paid,pad
PRM003096,P00117,C00014,112.00,monthly,75+,2026-06-26,2026-06-24,paid,cheque
PRM003097,P00092,C00126,45.00,monthly,Under 35,2026-06-27,2026-06-26,paid,credit_card
PRM003098,P00096,C00008,63.00,monthly,55-64,2026-06-27,2026-06-24,paid,credit_card
PRM003099,P00148,C00002,384.00,monthly,75+,2026-06-27,2026-06-25,paid,pad
PRM003100,P00178,C00107,364.00,monthly,Under 35,2026-06-27,2026-06-25,paid,credit_card
PRM003101,P00054,C00150,$290.70 CAD,monthly,55-64,2026-06-28,2026-06-27,Paid ,credit_card
PRM003102,P00077,C00147,91.00,monthly,Under 35,2026-06-28,2026-06-25,paid,credit_card
PRM003103,P00101,C00068,63.00,monthly,55-64,2026-06-28,2026-06-26,paid,credit_card
PRM003104,P00110,C00093,112.00,monthly,75+,2026-06-28,2026-06-28,paid,pad
PRM003105,P00121,C00063,63.00,monthly,55-64,2026-06-28,2026-06-27,paid,credit_card
PRM003106,P00158,C00008,290.70,monthly,55-64,2026-06-28,2026-06-26,paid,credit_card
PRM003107,P00177,C00095,76.48,monthly,35-44,2026-06-28,2026-06-26,paid,pad
PRM003108,P00166,C00140,159.60,monthly,45-54,2026-06-29,2026-06-27,paid,credit_card
PRM003109,P00181,C00155,45.00,monthly,Under 35,2026-01-01,2026-01-01,paid,pad
PRM003110,P00182,C00156,204.00,monthly,65-74,2026-02-01,2026-02-01,paid,cheque
PRM003111,P00183,C00157,85.00,monthly,Under 35,2026-03-01,2026-03-01,paid,credit_card
PRM003112,P90001,C00077,69.00,monthly,35-44,2023-07-14,2023-07-19,late,pad
PRM003113,P90002,C00146,530.40,monthly,65-74,2023-07-15,2023-07-15,paid,credit_card
PRM003114,P90003,C00064,397.80,monthly,55-64,2023-07-15,2023-07-13,paid,cheque
PRM003115,P90004,C00131,638.40,monthly,65-74,2023-07-16,2023-07-13,paid,pad
PRM003116,P90005,C00145,105.00,quarterly,Under 35,2023-07-17,2023-07-16,paid,pad
PRM000001,P00053,C00150,1008.00,quarterly,65-74,2023-07-01,2023-06-30,paid,credit_card
PRM000002,P00171,C00150,272.00,monthly,75+,2023-07-01,2023-06-29,paid,cheque
PRM000003,P00013,C00150,$161.50 CAD,monthly,Under 35,2023-07-02,2023-07-02,paid,cheque
PRM000004,P00015,C00150,272.00,monthly,75+,2023-07-02,2023-07-02,paid,pad
PRM000005,P00111,C00150,140.00,monthly,Under 35,2023-07-02,2023-06-29,paid,cheque
PRM000006,P00037,C00150,45.00,monthly,Under 35,2023-07-03,2023-07-02,paid,pad
PRM000007,P00019,C00150,204.00,monthly,65-74,2023-07-04,2023-07-02,paid,cheque
PRM000008,P00160,C00150,85.00,monthly,Under 35,2023-07-04,2023-07-03,paid,credit_card
PRM000009,P00081,C00150,218.40,monthly,45-54,2023-07-05,,missed,
PRM000010,P00164,C00150,499.20,monthly,75+,2023-07-05,2023-07-04,paid,cheque
PRM000011,P00082,C00143,51.75,monthly,35-44,2023-07-06,2023-07-03,paid,pad
PRM000012,P00135,C00135,448.00,monthly,75+,2023-07-06,2023-07-05,paid,pad
PRM000013,P00065,C00047,192.00,monthly,75+,2023-07-07,2023-07-05,paid,credit_card
PRM000014,P00133,C00097,530.40,monthly,65-74,2023-07-07,2023-07-06,paid,pad
PRM000015,P00062,C00096,255.00,quarterly,Under 35,2023-07-08,,missed,
